ConceptA	ConceptB	ChisqPvalue
animal	bone	0.02848575712143928
animal	burn	0.0079960019990005
animal	come	0.010494752623688156
animal	egg	0.015492253873063468
animal	fat, oil	0.01649175412293853
animal	fingernail	0.02948525737131434
animal	fire	0.01899050474762619
animal	give	0.008995502248875561
animal	hair	0.017991004497751123
animal	kill	0.00399800099950025
animal	leaf	0.017491254372813594
animal	liver	0.0029985007496251873
animal	louse	0.0079960019990005
animal	moon	0.009495252373813094
animal	rain	0.033483258370814596
animal	road	0.0074962518740629685
animal	smoke	0.03948025987006497
animal	stone	0.02048975512243878
animal	tooth	0.031984007996002
animal	two	0.02798600699650175
animal	woman	0.019490254872563718
arm	ashes	0.013993003498250875
arm	belly	0.0004997501249375312
arm	blood	0.0009995002498750624
arm	bone	0.001999000499750125
arm	breast	0.0004997501249375312
arm	burn	0.008995502248875561
arm	cloud	0.04697651174412794
arm	come	0.047976011994003
arm	dog	0.0074962518740629685
arm	ear	0.004497751124437781
arm	egg	0.0024987506246876563
arm	feather	0.001999000499750125
arm	fingernail	0.0009995002498750624
arm	fire	0.0009995002498750624
arm	fish	0.0029985007496251873
arm	ground, soil	0.015492253873063468
arm	hair	0.0024987506246876563
arm	head	0.03248375812093953
arm	heart	0.01649175412293853
arm	horn	0.0004997501249375312
arm	kill	0.004997501249375313
arm	leaf	0.0009995002498750624
arm	leg	0.0004997501249375312
arm	liver	0.020989505247376312
arm	moon	0.01899050474762619
arm	mouth	0.022988505747126436
arm	name	0.013493253373313344
arm	neck	0.005497251374312844
arm	night	0.010494752623688156
arm	nose	0.0004997501249375312
arm	one	0.0004997501249375312
arm	person	0.0014992503748125937
arm	rain	0.015492253873063468
arm	sand	0.0004997501249375312
arm	see	0.00849575212393803
arm	skin	0.04847576211894053
arm	smoke	0.0004997501249375312
arm	sun	0.0004997501249375312
arm	tail	0.013493253373313344
arm	tongue	0.0029985007496251873
arm	tooth	0.03548225887056472
arm	tree	0.005497251374312844
arm	two	0.013993003498250875
arm	woman	0.0029985007496251873
ashes	belly	0.0004997501249375312
ashes	bone	0.0004997501249375312
ashes	dog	0.004497751124437781
ashes	ear	0.0004997501249375312
ashes	egg	0.0024987506246876563
ashes	eye	0.04997501249375312
ashes	fish	0.0029985007496251873
ashes	ground, soil	0.0004997501249375312
ashes	leaf	0.010494752623688156
ashes	leg	0.0004997501249375312
ashes	name	0.01649175412293853
ashes	one	0.0009995002498750624
ashes	person	0.0014992503748125937
ashes	stone	0.0004997501249375312
ashes	sun	0.014492753623188406
ashes	tooth	0.009495252373813094
ashes	tree	0.0009995002498750624
ashes	two	0.0014992503748125937
ashes	water	0.005497251374312844
bark	bird	0.0009995002498750624
bark	bone	0.0004997501249375312
bark	feather	0.0004997501249375312
bark	fish	0.02148925537231384
bark	hair	0.008995502248875561
bark	hear	0.0009995002498750624
bark	leg	0.0014992503748125937
bark	two	0.04997501249375312
belly	bird	0.047976011994003
belly	blood	0.026486756621689155
belly	bone	0.009995002498750625
belly	breast	0.022488755622188907
belly	dog	0.0004997501249375312
belly	drink	0.009995002498750625
belly	ear	0.0004997501249375312
belly	eat	0.0024987506246876563
belly	egg	0.0004997501249375312
belly	eye	0.006496751624187906
belly	fat, oil	0.0014992503748125937
belly	fire	0.0014992503748125937
belly	fish	0.0004997501249375312
belly	give	0.02048975512243878
belly	hair	0.00399800099950025
belly	head	0.005997001499250375
belly	horn	0.0024987506246876563
belly	kill	0.0004997501249375312
belly	leg	0.0004997501249375312
belly	man	0.0004997501249375312
belly	moon	0.0009995002498750624
belly	mouth	0.0024987506246876563
belly	name	0.0004997501249375312
belly	neck	0.004997501249375313
belly	night	0.0004997501249375312
belly	nose	0.0074962518740629685
belly	one	0.01249375312343828
belly	rain	0.011494252873563218
belly	see	0.01199400299850075
belly	smoke	0.0004997501249375312
belly	sun	0.0004997501249375312
belly	tongue	0.0009995002498750624
belly	tooth	0.005497251374312844
belly	tree	0.001999000499750125
belly	two	0.01199400299850075
belly	water	0.04097951024487756
belly	woman	0.001999000499750125
big	die	0.018490754622688656
big	dog	0.004497751124437781
big	drink	0.001999000499750125
big	ear	0.0004997501249375312
big	fish	0.010994502748625687
big	head	0.014492753623188406
big	kill	0.0009995002498750624
big	know	0.0004997501249375312
big	leaf	0.0009995002498750624
big	tail	0.0009995002498750624
big	tongue	0.0004997501249375312
big	tree	0.01899050474762619
big	two	0.0029985007496251873
bird	bite	0.04297851074462768
bird	blood	0.02448775612193903
bird	bone	0.01899050474762619
bird	breast	0.005997001499250375
bird	egg	0.008995502248875561
bird	eye	0.009995002498750625
bird	feather	0.0014992503748125937
bird	fingernail	0.0009995002498750624
bird	fish	0.049475262368815595
bird	ground, soil	0.014992503748125937
bird	hair	0.02948525737131434
bird	head	0.04547726136931534
bird	hear	0.001999000499750125
bird	heart	0.04897551224387806
bird	horn	0.010494752623688156
bird	kill	0.0004997501249375312
bird	leaf	0.0004997501249375312
bird	liver	0.03498250874562719
bird	man	0.0034982508745627187
bird	neck	0.00849575212393803
bird	night	0.001999000499750125
bird	nose	0.008995502248875561
bird	person	0.0079960019990005
bird	rain	0.01899050474762619
bird	root	0.025487256371814093
bird	sleep	0.0239880059970015
bird	tail	0.04897551224387806
bird	tooth	0.0029985007496251873
bird	water	0.049475262368815595
bite	cloud	0.035982008995502246
bite	come	0.029985007496251874
bite	egg	0.02848575712143928
bite	fingernail	0.0024987506246876563
bite	fish	0.0074962518740629685
bite	hear	0.0069965017491254375
bite	heart	0.0009995002498750624
bite	kill	0.012993503248375811
bite	know	0.0009995002498750624
bite	leaf	0.04397801099450275
bite	liver	0.03398300849575212
bite	rain	0.038980509745127435
bite	sleep	0.046476761619190406
bite	tail	0.0024987506246876563
bite	tongue	0.0014992503748125937
bite	tree	0.0384807596201899
bite	water	0.03648175912043978
bite	woman	0.04447776111944028
blood	bone	0.0009995002498750624
blood	breast	0.006496751624187906
blood	ear	0.0029985007496251873
blood	egg	0.0014992503748125937
blood	fire	0.0004997501249375312
blood	fish	0.0004997501249375312
blood	goat	0.03498250874562719
blood	hair	0.0004997501249375312
blood	head	0.0009995002498750624
blood	heart	0.01999000499750125
blood	horn	0.0004997501249375312
blood	knee	0.0004997501249375312
blood	leg	0.026486756621689155
blood	man	0.0024987506246876563
blood	moon	0.0034982508745627187
blood	mouth	0.0029985007496251873
blood	name	0.02948525737131434
blood	neck	0.0004997501249375312
blood	nose	0.0014992503748125937
blood	one	0.0069965017491254375
blood	rain	0.037481259370314844
blood	skin	0.019490254872563718
blood	smoke	0.009495252373813094
blood	snake	0.01199400299850075
blood	tail	0.004497751124437781
blood	tongue	0.0014992503748125937
blood	tooth	0.0024987506246876563
blood	two	0.038980509745127435
blood	water	0.0029985007496251873
blood	woman	0.030984507746126936
bone	breast	0.010994502748625687
bone	come	0.0014992503748125937
bone	dog	0.0004997501249375312
bone	drink	0.011494252873563218
bone	ear	0.0004997501249375312
bone	eat	0.00399800099950025
bone	egg	0.0014992503748125937
bone	eye	0.0009995002498750624
bone	fat, oil	0.004497751124437781
bone	feather	0.0004997501249375312
bone	fingernail	0.0074962518740629685
bone	fire	0.0009995002498750624
bone	fish	0.0004997501249375312
bone	give	0.0004997501249375312
bone	ground, soil	0.020989505247376312
bone	hair	0.0004997501249375312
bone	head	0.0034982508745627187
bone	hear	0.0004997501249375312
bone	horn	0.0004997501249375312
bone	kill	0.0004997501249375312
bone	knee	0.0009995002498750624
bone	know	0.0004997501249375312
bone	leaf	0.0004997501249375312
bone	leg	0.005497251374312844
bone	liver	0.02798600699650175
bone	louse	0.0004997501249375312
bone	moon	0.0004997501249375312
bone	mouth	0.0004997501249375312
bone	name	0.0004997501249375312
bone	neck	0.0004997501249375312
bone	night	0.0014992503748125937
bone	nose	0.005497251374312844
bone	one	0.001999000499750125
bone	person	0.008995502248875561
bone	root	0.0004997501249375312
bone	see	0.01249375312343828
bone	skin	0.0004997501249375312
bone	smoke	0.0009995002498750624
bone	stone	0.0004997501249375312
bone	sun	0.0004997501249375312
bone	tail	0.010494752623688156
bone	tongue	0.0004997501249375312
bone	tooth	0.005997001499250375
bone	tree	0.0009995002498750624
bone	two	0.0034982508745627187
bone	water	0.0009995002498750624
bone	woman	0.0004997501249375312
breast	eat	0.0009995002498750624
breast	fire	0.0004997501249375312
breast	fish	0.0004997501249375312
breast	hair	0.001999000499750125
breast	horn	0.046476761619190406
breast	kill	0.0004997501249375312
breast	know	0.005497251374312844
breast	leg	0.00849575212393803
breast	man	0.005497251374312844
breast	moon	0.006496751624187906
breast	mouth	0.0074962518740629685
breast	name	0.01249375312343828
breast	neck	0.01249375312343828
breast	night	0.0014992503748125937
breast	nose	0.026486756621689155
breast	rain	0.010494752623688156
breast	road	0.0239880059970015
breast	stone	0.0014992503748125937
breast	sun	0.0029985007496251873
breast	tail	0.005997001499250375
breast	tongue	0.0384807596201899
breast	tooth	0.02798600699650175
breast	water	0.03548225887056472
breast	woman	0.025987006496751622
burn	die	0.015992003998001
burn	fish	0.0004997501249375312
burn	horn	0.0014992503748125937
burn	neck	0.0004997501249375312
burn	two	0.0024987506246876563
burn	water	0.0004997501249375312
child	elephant	0.006496751624187906
child	fire	0.03648175912043978
child	five	0.004997501249375313
child	house	0.0029985007496251873
child	iron	0.04547726136931534
child	night	0.017491254372813594
child	three	0.033483258370814596
child	village	0.043478260869565216
cloud	dog	0.0004997501249375312
cloud	egg	0.0004997501249375312
cloud	eye	0.006496751624187906
cloud	feather	0.0004997501249375312
cloud	fingernail	0.0004997501249375312
cloud	fish	0.0029985007496251873
cloud	hair	0.0004997501249375312
cloud	heart	0.0009995002498750624
cloud	know	0.0004997501249375312
cloud	liver	0.0004997501249375312
cloud	moon	0.0004997501249375312
cloud	one	0.0014992503748125937
cloud	see	0.0034982508745627187
cloud	smoke	0.0004997501249375312
cloud	two	0.005997001499250375
cloud	water	0.0004997501249375312
come	die	0.0004997501249375312
come	dog	0.02448775612193903
come	drink	0.0004997501249375312
come	ear	0.004497751124437781
come	eat	0.0004997501249375312
come	egg	0.0029985007496251873
come	fat, oil	0.001999000499750125
come	fish	0.0009995002498750624
come	give	0.0004997501249375312
come	kill	0.0004997501249375312
come	know	0.0004997501249375312
come	leg	0.00399800099950025
come	mouth	0.010494752623688156
come	name	0.009995002498750625
come	night	0.010494752623688156
come	rain	0.0069965017491254375
come	road	0.0014992503748125937
come	see	0.0004997501249375312
come	skin	0.02348825587206397
come	smoke	0.001999000499750125
come	stone	0.0004997501249375312
come	sun	0.0009995002498750624
come	tail	0.0014992503748125937
come	tongue	0.0004997501249375312
come	tooth	0.009495252373813094
come	tree	0.0009995002498750624
come	walk	0.03798100949525238
count	fall	0.00399800099950025
count	urine	0.0004997501249375312
die	drink	0.0004997501249375312
die	ear	0.04897551224387806
die	egg	0.034482758620689655
die	fingernail	0.0004997501249375312
die	fire	0.0029985007496251873
die	fish	0.02848575712143928
die	give	0.0014992503748125937
die	hear	0.0009995002498750624
die	kill	0.0004997501249375312
die	leaf	0.0009995002498750624
die	leg	0.009495252373813094
die	liver	0.03798100949525238
die	road	0.021989005497251374
die	see	0.0004997501249375312
die	smoke	0.001999000499750125
die	sun	0.027486256871564217
die	tongue	0.001999000499750125
die	walk	0.044977511244377814
dog	drink	0.04297851074462768
dog	ear	0.0004997501249375312
dog	eat	0.02798600699650175
dog	egg	0.0009995002498750624
dog	eye	0.0014992503748125937
dog	feather	0.00399800099950025
dog	fire	0.0004997501249375312
dog	fish	0.00399800099950025
dog	fly	0.0004997501249375312
dog	give	0.030984507746126936
dog	hair	0.0004997501249375312
dog	hear	0.001999000499750125
dog	heart	0.0004997501249375312
dog	horn	0.0004997501249375312
dog	kill	0.0004997501249375312
dog	know	0.020989505247376312
dog	leg	0.0004997501249375312
dog	louse	0.0004997501249375312
dog	man	0.0004997501249375312
dog	moon	0.0004997501249375312
dog	name	0.0009995002498750624
dog	neck	0.02448775612193903
dog	night	0.001999000499750125
dog	nose	0.009995002498750625
dog	one	0.0004997501249375312
dog	person	0.0004997501249375312
dog	rain	0.031984007996002
dog	root	0.0024987506246876563
dog	sand	0.0004997501249375312
dog	see	0.0004997501249375312
dog	sleep	0.0004997501249375312
dog	stone	0.0004997501249375312
dog	sun	0.0004997501249375312
dog	tail	0.013993003498250875
dog	tongue	0.0079960019990005
dog	tree	0.0004997501249375312
dog	two	0.0384807596201899
dog	woman	0.0014992503748125937
drink	ear	0.028985507246376812
drink	egg	0.004497751124437781
drink	fish	0.04547726136931534
drink	give	0.010494752623688156
drink	kill	0.004497751124437781
drink	know	0.0004997501249375312
drink	leg	0.03548225887056472
drink	liver	0.026486756621689155
drink	name	0.019490254872563718
drink	see	0.0024987506246876563
drink	sun	0.0004997501249375312
drink	tail	0.01649175412293853
drink	tongue	0.0004997501249375312
drink	woman	0.004497751124437781
ear	eat	0.011494252873563218
ear	egg	0.001999000499750125
ear	eye	0.010494752623688156
ear	fat, oil	0.0004997501249375312
ear	fire	0.0014992503748125937
ear	fish	0.0009995002498750624
ear	give	0.0004997501249375312
ear	ground, soil	0.010994502748625687
ear	hair	0.0004997501249375312
ear	hear	0.0004997501249375312
ear	heart	0.01199400299850075
ear	kill	0.0004997501249375312
ear	knee	0.01899050474762619
ear	know	0.0004997501249375312
ear	leaf	0.0029985007496251873
ear	leg	0.0004997501249375312
ear	name	0.005497251374312844
ear	night	0.0009995002498750624
ear	nose	0.008995502248875561
ear	one	0.0004997501249375312
ear	person	0.01699150424787606
ear	rain	0.013493253373313344
ear	root	0.004497751124437781
ear	see	0.0024987506246876563
ear	skin	0.005997001499250375
ear	smoke	0.015992003998001
ear	stone	0.0009995002498750624
ear	sun	0.0004997501249375312
ear	tooth	0.01249375312343828
ear	tree	0.0004997501249375312
ear	woman	0.0009995002498750624
eat	egg	0.0069965017491254375
eat	fish	0.0009995002498750624
eat	give	0.0024987506246876563
eat	heart	0.006496751624187906
eat	horn	0.028985507246376812
eat	kill	0.0004997501249375312
eat	knee	0.03248375812093953
eat	leg	0.015492253873063468
eat	man	0.0009995002498750624
eat	mouth	0.0004997501249375312
eat	name	0.0034982508745627187
eat	rain	0.018490754622688656
eat	see	0.0004997501249375312
eat	smoke	0.0009995002498750624
eat	sun	0.0029985007496251873
eat	tail	0.04597701149425287
eat	tongue	0.0014992503748125937
eat	tree	0.01249375312343828
eat	woman	0.015992003998001
egg	eye	0.0004997501249375312
egg	fat, oil	0.02348825587206397
egg	feather	0.0004997501249375312
egg	fingernail	0.0004997501249375312
egg	fire	0.0004997501249375312
egg	fish	0.0004997501249375312
egg	give	0.02448775612193903
egg	ground, soil	0.0004997501249375312
egg	hair	0.0004997501249375312
egg	hear	0.0004997501249375312
egg	heart	0.0029985007496251873
egg	horn	0.0004997501249375312
egg	kill	0.0004997501249375312
egg	knee	0.0004997501249375312
egg	know	0.0009995002498750624
egg	leaf	0.0004997501249375312
egg	leg	0.0004997501249375312
egg	liver	0.0014992503748125937
egg	louse	0.0009995002498750624
egg	moon	0.01649175412293853
egg	mouth	0.0004997501249375312
egg	name	0.0004997501249375312
egg	neck	0.0029985007496251873
egg	night	0.0004997501249375312
egg	nose	0.0024987506246876563
egg	one	0.0074962518740629685
egg	person	0.004997501249375313
egg	rain	0.014492753623188406
egg	road	0.009995002498750625
egg	root	0.0004997501249375312
egg	skin	0.0009995002498750624
egg	smoke	0.0004997501249375312
egg	stone	0.0004997501249375312
egg	sun	0.0004997501249375312
egg	tail	0.0014992503748125937
egg	tongue	0.0079960019990005
egg	tooth	0.010494752623688156
egg	two	0.0004997501249375312
egg	walk	0.04697651174412794
egg	woman	0.0004997501249375312
elephant	face	0.0004997501249375312
elephant	fire	0.006496751624187906
elephant	house	0.004497751124437781
elephant	hunger	0.0004997501249375312
elephant	iron	0.0004997501249375312
elephant	knife	0.0004997501249375312
eye	feather	0.0004997501249375312
eye	fire	0.01199400299850075
eye	fish	0.0009995002498750624
eye	hair	0.013993003498250875
eye	heart	0.019490254872563718
eye	horn	0.0004997501249375312
eye	knee	0.0034982508745627187
eye	leg	0.0009995002498750624
eye	liver	0.021989005497251374
eye	louse	0.0009995002498750624
eye	man	0.03298350824587706
eye	moon	0.001999000499750125
eye	mouth	0.0009995002498750624
eye	name	0.01249375312343828
eye	neck	0.0004997501249375312
eye	night	0.013993003498250875
eye	nose	0.0069965017491254375
eye	one	0.0004997501249375312
eye	person	0.0009995002498750624
eye	root	0.001999000499750125
eye	skin	0.01649175412293853
eye	stone	0.0024987506246876563
eye	sun	0.0004997501249375312
eye	tail	0.0034982508745627187
eye	tongue	0.0004997501249375312
eye	tree	0.0004997501249375312
eye	two	0.01699150424787606
eye	water	0.004497751124437781
eye	woman	0.017491254372813594
face	urine	0.0004997501249375312
fall	navel	0.013493253373313344
fall	salt	0.031984007996002
fall	sing	0.0009995002498750624
fall	steal	0.0004997501249375312
fall	tongue	0.0004997501249375312
fall	village	0.01649175412293853
fall	vomit	0.0004997501249375312
fat, oil	fire	0.0004997501249375312
fat, oil	hair	0.0009995002498750624
fat, oil	heart	0.02048975512243878
fat, oil	leg	0.02948525737131434
fat, oil	moon	0.0004997501249375312
fat, oil	mouth	0.0009995002498750624
fat, oil	night	0.0004997501249375312
fat, oil	nose	0.009995002498750625
fat, oil	one	0.010494752623688156
fat, oil	rain	0.046476761619190406
fat, oil	smoke	0.0004997501249375312
fat, oil	stone	0.0014992503748125937
fat, oil	sun	0.00849575212393803
fat, oil	tongue	0.0009995002498750624
fat, oil	tooth	0.0079960019990005
fat, oil	tree	0.012993503248375811
feather	fingernail	0.0004997501249375312
feather	fish	0.0004997501249375312
feather	ground, soil	0.001999000499750125
feather	hear	0.0004997501249375312
feather	horn	0.0004997501249375312
feather	know	0.0079960019990005
feather	leaf	0.0004997501249375312
feather	moon	0.0004997501249375312
feather	neck	0.0004997501249375312
feather	two	0.004997501249375313
feather	water	0.0014992503748125937
fingernail	fish	0.0004997501249375312
fingernail	fly	0.0004997501249375312
fingernail	hair	0.001999000499750125
fingernail	hear	0.0034982508745627187
fingernail	heart	0.0004997501249375312
fingernail	leaf	0.0004997501249375312
fingernail	leg	0.0004997501249375312
fingernail	liver	0.0014992503748125937
fingernail	neck	0.0004997501249375312
fingernail	one	0.0004997501249375312
fingernail	walk	0.011494252873563218
fire	fish	0.0004997501249375312
fire	give	0.0079960019990005
fire	goat	0.0004997501249375312
fire	ground, soil	0.014492753623188406
fire	hair	0.0004997501249375312
fire	heart	0.0004997501249375312
fire	horn	0.0004997501249375312
fire	house	0.0004997501249375312
fire	kill	0.0004997501249375312
fire	knee	0.0004997501249375312
fire	knife	0.0004997501249375312
fire	leg	0.014992503748125937
fire	man	0.0004997501249375312
fire	moon	0.0004997501249375312
fire	mouth	0.0004997501249375312
fire	name	0.0009995002498750624
fire	neck	0.0004997501249375312
fire	night	0.0004997501249375312
fire	nose	0.0004997501249375312
fire	one	0.013493253373313344
fire	rain	0.0004997501249375312
fire	see	0.0004997501249375312
fire	skin	0.0069965017491254375
fire	smoke	0.0004997501249375312
fire	stone	0.0004997501249375312
fire	sun	0.0004997501249375312
fire	tail	0.0004997501249375312
fire	tongue	0.0004997501249375312
fire	tooth	0.001999000499750125
fire	tree	0.0004997501249375312
fire	two	0.030984507746126936
fire	water	0.001999000499750125
fire	woman	0.0004997501249375312
fish	fly	0.0004997501249375312
fish	give	0.015492253873063468
fish	ground, soil	0.0004997501249375312
fish	head	0.0009995002498750624
fish	hear	0.0004997501249375312
fish	heart	0.0004997501249375312
fish	horn	0.0004997501249375312
fish	kill	0.0004997501249375312
fish	know	0.0004997501249375312
fish	leaf	0.0004997501249375312
fish	leg	0.0004997501249375312
fish	liver	0.0069965017491254375
fish	louse	0.013493253373313344
fish	man	0.0004997501249375312
fish	moon	0.017491254372813594
fish	name	0.0004997501249375312
fish	neck	0.0014992503748125937
fish	night	0.0004997501249375312
fish	one	0.0004997501249375312
fish	person	0.022488755622188907
fish	rain	0.004497751124437781
fish	road	0.0034982508745627187
fish	root	0.0004997501249375312
fish	sand	0.014992503748125937
fish	skin	0.0069965017491254375
fish	smoke	0.0009995002498750624
fish	stone	0.0004997501249375312
fish	sun	0.0004997501249375312
fish	tail	0.0004997501249375312
fish	tongue	0.00399800099950025
fish	tooth	0.001999000499750125
fish	tree	0.0004997501249375312
fish	two	0.0004997501249375312
fish	water	0.021989005497251374
fish	woman	0.0004997501249375312
five	four	0.0004997501249375312
five	three	0.015992003998001
fly	horn	0.02848575712143928
fly	leaf	0.0004997501249375312
fly	sand	0.0004997501249375312
fly	see	0.0004997501249375312
fly	smoke	0.0014992503748125937
four	ten	0.0004997501249375312
four	three	0.00849575212393803
give	kill	0.0004997501249375312
give	know	0.0004997501249375312
give	name	0.03248375812093953
give	person	0.02048975512243878
give	road	0.0014992503748125937
give	see	0.02148925537231384
give	stone	0.013993003498250875
give	sun	0.009995002498750625
give	tongue	0.009995002498750625
give	tree	0.04897551224387806
give	walk	0.02148925537231384
give	woman	0.0004997501249375312
goat	house	0.0009995002498750624
goat	night	0.001999000499750125
goat	tongue	0.0009995002498750624
ground, soil	hear	0.0034982508745627187
ground, soil	horn	0.0004997501249375312
ground, soil	know	0.00399800099950025
ground, soil	leaf	0.0014992503748125937
ground, soil	liver	0.0009995002498750624
ground, soil	man	0.0004997501249375312
ground, soil	mouth	0.00399800099950025
ground, soil	neck	0.0004997501249375312
ground, soil	one	0.037481259370314844
ground, soil	root	0.011494252873563218
ground, soil	two	0.006496751624187906
ground, soil	water	0.005497251374312844
hair	heart	0.0009995002498750624
hair	horn	0.0004997501249375312
hair	knee	0.009995002498750625
hair	leaf	0.0004997501249375312
hair	leg	0.0004997501249375312
hair	liver	0.011494252873563218
hair	louse	0.0004997501249375312
hair	man	0.0004997501249375312
hair	moon	0.0014992503748125937
hair	mouth	0.0004997501249375312
hair	name	0.0004997501249375312
hair	night	0.0004997501249375312
hair	nose	0.0029985007496251873
hair	person	0.011494252873563218
hair	rain	0.015992003998001
hair	root	0.0079960019990005
hair	skin	0.0069965017491254375
hair	smoke	0.0024987506246876563
hair	stone	0.0004997501249375312
hair	sun	0.0004997501249375312
hair	tail	0.0004997501249375312
hair	tongue	0.0004997501249375312
hair	tooth	0.009495252373813094
hair	water	0.001999000499750125
hair	woman	0.0004997501249375312
head	horn	0.0004997501249375312
head	kill	0.001999000499750125
head	know	0.0004997501249375312
head	moon	0.02148925537231384
head	one	0.0004997501249375312
head	person	0.0004997501249375312
head	road	0.0004997501249375312
head	stone	0.0014992503748125937
head	sun	0.005997001499250375
head	tail	0.017491254372813594
head	tongue	0.025487256371814093
head	tree	0.0004997501249375312
head	woman	0.0004997501249375312
hear	leaf	0.0009995002498750624
hear	two	0.0014992503748125937
heart	knee	0.0014992503748125937
heart	know	0.0009995002498750624
heart	leaf	0.0004997501249375312
heart	leg	0.0004997501249375312
heart	liver	0.0004997501249375312
heart	moon	0.0014992503748125937
heart	mouth	0.001999000499750125
heart	one	0.0014992503748125937
heart	person	0.0004997501249375312
heart	sand	0.00399800099950025
heart	see	0.0004997501249375312
heart	sun	0.017991004497751123
heart	tooth	0.0024987506246876563
heart	two	0.025487256371814093
horn	knee	0.0004997501249375312
horn	know	0.0029985007496251873
horn	leaf	0.0009995002498750624
horn	leg	0.0009995002498750624
horn	liver	0.0004997501249375312
horn	louse	0.0009995002498750624
horn	moon	0.008995502248875561
horn	mouth	0.005997001499250375
horn	name	0.0014992503748125937
horn	neck	0.0004997501249375312
horn	nose	0.001999000499750125
horn	one	0.0029985007496251873
horn	road	0.027486256871564217
horn	smoke	0.0004997501249375312
horn	stone	0.0004997501249375312
horn	tail	0.0004997501249375312
horn	tongue	0.0004997501249375312
horn	tree	0.00399800099950025
horn	two	0.0014992503748125937
horn	walk	0.018490754622688656
horn	water	0.0009995002498750624
horn	woman	0.011494252873563218
house	hunger	0.005497251374312844
hunger	night	0.021989005497251374
hunger	sky	0.035982008995502246
hunger	snake	0.01899050474762619
hunger	tongue	0.004997501249375313
hunger	war	0.004997501249375313
iron	sky	0.0004997501249375312
kill	know	0.0004997501249375312
kill	leg	0.004497751124437781
kill	liver	0.0004997501249375312
kill	neck	0.0004997501249375312
kill	person	0.0004997501249375312
kill	rain	0.001999000499750125
kill	see	0.0004997501249375312
kill	skin	0.0014992503748125937
kill	smoke	0.0004997501249375312
kill	stone	0.0004997501249375312
kill	sun	0.0004997501249375312
kill	tail	0.0004997501249375312
kill	tongue	0.0004997501249375312
kill	tooth	0.0004997501249375312
kill	tree	0.0004997501249375312
kill	two	0.009495252373813094
kill	water	0.00399800099950025
kill	woman	0.0004997501249375312
knee	leg	0.0034982508745627187
knee	mouth	0.0024987506246876563
knee	sun	0.0004997501249375312
knee	two	0.012993503248375811
know	leaf	0.0004997501249375312
know	rain	0.0399800099950025
know	road	0.0024987506246876563
know	skin	0.0004997501249375312
know	tail	0.0029985007496251873
know	tongue	0.0004997501249375312
know	tooth	0.01999000499750125
know	tree	0.0004997501249375312
know	two	0.005997001499250375
know	woman	0.0004997501249375312
leaf	leg	0.0029985007496251873
leaf	liver	0.0004997501249375312
leaf	moon	0.0004997501249375312
leaf	name	0.0004997501249375312
leaf	neck	0.0004997501249375312
leaf	one	0.0004997501249375312
leaf	sand	0.0004997501249375312
leaf	sleep	0.0029985007496251873
leaf	smoke	0.0009995002498750624
leaf	tooth	0.0004997501249375312
leaf	two	0.0004997501249375312
leaf	water	0.010494752623688156
leg	louse	0.004497751124437781
leg	moon	0.013493253373313344
leg	name	0.004997501249375313
leg	neck	0.0004997501249375312
leg	nose	0.00399800099950025
leg	sun	0.0004997501249375312
leg	tongue	0.0004997501249375312
leg	tooth	0.04097951024487756
leg	tree	0.0079960019990005
leg	water	0.03948025987006497
leg	woman	0.001999000499750125
liver	louse	0.0004997501249375312
liver	name	0.01249375312343828
liver	neck	0.0034982508745627187
liver	one	0.005997001499250375
liver	person	0.0029985007496251873
liver	stone	0.001999000499750125
liver	tongue	0.021989005497251374
liver	water	0.02448775612193903
louse	moon	0.0004997501249375312
louse	one	0.0004997501249375312
louse	person	0.0004997501249375312
louse	rain	0.0004997501249375312
louse	tail	0.0029985007496251873
louse	tongue	0.0004997501249375312
louse	tree	0.0004997501249375312
louse	two	0.030484757621189407
louse	woman	0.0004997501249375312
man	moon	0.0004997501249375312
man	mouth	0.0004997501249375312
man	nose	0.0004997501249375312
man	person	0.0004997501249375312
man	rain	0.0004997501249375312
man	road	0.008995502248875561
man	stone	0.0004997501249375312
man	sun	0.0004997501249375312
man	tongue	0.0004997501249375312
man	tooth	0.0024987506246876563
man	tree	0.009495252373813094
man	water	0.009495252373813094
moon	mouth	0.0024987506246876563
moon	name	0.0024987506246876563
moon	neck	0.0004997501249375312
moon	night	0.0009995002498750624
moon	nose	0.0004997501249375312
moon	person	0.0009995002498750624
moon	rain	0.0009995002498750624
moon	smoke	0.0004997501249375312
moon	stone	0.0004997501249375312
moon	sun	0.0024987506246876563
moon	tail	0.0004997501249375312
moon	tongue	0.0004997501249375312
moon	tooth	0.00849575212393803
moon	tree	0.0079960019990005
moon	two	0.017491254372813594
moon	water	0.0079960019990005
moon	woman	0.005997001499250375
mouth	name	0.0024987506246876563
mouth	neck	0.03498250874562719
mouth	night	0.0004997501249375312
mouth	nose	0.0004997501249375312
mouth	rain	0.03648175912043978
mouth	smoke	0.0004997501249375312
mouth	stone	0.013993003498250875
mouth	sun	0.0029985007496251873
mouth	tongue	0.005997001499250375
mouth	tooth	0.014992503748125937
mouth	tree	0.031484257871064465
mouth	two	0.0004997501249375312
mouth	water	0.004997501249375313
mouth	woman	0.001999000499750125
name	neck	0.0014992503748125937
name	night	0.010994502748625687
name	nose	0.004497751124437781
name	person	0.0009995002498750624
name	rain	0.0024987506246876563
name	road	0.009495252373813094
name	root	0.026986506746626688
name	see	0.04397801099450275
name	skin	0.0029985007496251873
name	smoke	0.0024987506246876563
name	stone	0.001999000499750125
name	sun	0.0004997501249375312
name	tail	0.004997501249375313
name	tongue	0.0004997501249375312
name	tooth	0.0004997501249375312
name	tree	0.02948525737131434
name	two	0.015492253873063468
name	woman	0.0004997501249375312
navel	sky	0.0014992503748125937
neck	night	0.0004997501249375312
neck	nose	0.0024987506246876563
neck	one	0.0069965017491254375
neck	person	0.0009995002498750624
neck	rain	0.0009995002498750624
neck	road	0.02798600699650175
neck	root	0.0024987506246876563
neck	stone	0.0004997501249375312
neck	tail	0.0024987506246876563
neck	tongue	0.001999000499750125
neck	tree	0.0014992503748125937
neck	water	0.0079960019990005
neck	woman	0.00849575212393803
night	nose	0.0009995002498750624
night	one	0.02498750624687656
night	rain	0.0009995002498750624
night	salt	0.00399800099950025
night	snake	0.00399800099950025
night	stone	0.0004997501249375312
night	sun	0.0004997501249375312
night	tail	0.0014992503748125937
night	three	0.0004997501249375312
night	tongue	0.0004997501249375312
night	tooth	0.01699150424787606
night	tree	0.0004997501249375312
night	woman	0.0004997501249375312
nose	person	0.03398300849575212
nose	rain	0.020989505247376312
nose	sun	0.0004997501249375312
nose	tail	0.0004997501249375312
nose	tongue	0.047476261869065464
nose	tooth	0.04297851074462768
nose	tree	0.0014992503748125937
nose	water	0.0004997501249375312
one	person	0.005497251374312844
one	rain	0.004997501249375313
one	smoke	0.0004997501249375312
one	stone	0.0004997501249375312
one	sun	0.0009995002498750624
one	tongue	0.009995002498750625
one	two	0.0029985007496251873
one	woman	0.0004997501249375312
person	rain	0.0004997501249375312
person	see	0.0004997501249375312
person	stone	0.004497751124437781
person	tail	0.02448775612193903
person	tongue	0.0004997501249375312
person	tree	0.005997001499250375
person	two	0.022988505747126436
person	woman	0.0004997501249375312
rain	road	0.0074962518740629685
rain	see	0.00399800099950025
rain	skin	0.0074962518740629685
rain	smoke	0.0009995002498750624
rain	stone	0.0004997501249375312
rain	tail	0.0034982508745627187
rain	tongue	0.0004997501249375312
rain	tree	0.0004997501249375312
rain	woman	0.0029985007496251873
road	see	0.0004997501249375312
road	smoke	0.0034982508745627187
road	stone	0.0004997501249375312
road	sun	0.001999000499750125
road	tail	0.00399800099950025
road	tongue	0.0004997501249375312
road	tooth	0.0079960019990005
salt	sky	0.012993503248375811
salt	spear	0.04847576211894053
salt	tongue	0.004497751124437781
salt	village	0.0009995002498750624
sand	see	0.03948025987006497
sand	two	0.0004997501249375312
see	stone	0.0004997501249375312
see	sun	0.0009995002498750624
see	tail	0.005997001499250375
see	tongue	0.0004997501249375312
see	tree	0.0029985007496251873
see	two	0.046476761619190406
see	woman	0.00399800099950025
skin	stone	0.0014992503748125937
skin	tail	0.006496751624187906
skin	tree	0.008995502248875561
smoke	tail	0.0004997501249375312
smoke	tongue	0.0004997501249375312
smoke	tooth	0.0239880059970015
smoke	two	0.0004997501249375312
snake	tongue	0.014492753623188406
spear	tongue	0.0004997501249375312
stone	tail	0.012993503248375811
stone	tongue	0.0004997501249375312
stone	tree	0.0004997501249375312
stone	two	0.0024987506246876563
stone	walk	0.02348825587206397
stone	water	0.02048975512243878
stone	woman	0.0009995002498750624
sun	tongue	0.004497751124437781
sun	tree	0.0004997501249375312
sun	two	0.0029985007496251873
sun	water	0.0024987506246876563
sun	woman	0.0004997501249375312
tail	tongue	0.0004997501249375312
tail	tree	0.010494752623688156
tail	two	0.014492753623188406
tail	walk	0.00399800099950025
tail	water	0.0004997501249375312
tail	woman	0.0004997501249375312
ten	urine	0.020989505247376312
three	tongue	0.0384807596201899
tongue	tooth	0.0004997501249375312
tongue	tree	0.0004997501249375312
tongue	two	0.00849575212393803
tongue	village	0.015492253873063468
tongue	wind	0.0014992503748125937
tongue	woman	0.020989505247376312
tooth	two	0.043478260869565216
tooth	water	0.0009995002498750624
tooth	woman	0.02348825587206397
