	animal_317	arm_808	belly_1914	big_2431	bird_2723	bite_3105	breast_4265	breast_4284	child_5068	die_6742	die_6976	dog_7348	drink_7636	ear_7930	ear_8040	egg_8817	elephant_9157	eye_9674	eye_9769	face_10038	fall_10314	fat, oil_10514	feather_10928	fire_11947	five_12733	fly_13243	four_13441	goat_14327	head_15361	head_15217	heart_16283	horn_16467	house_16986	house_16865	hunger_17380	know_18997	leg_19876	louse_20701	moon_21517	moon_21358	name_22298	neck_22950	one_24148	person_24653	rain_25113	road_25605	sand_26562	see_26914	send_27203	shame_27442	sing_27812	sleep_28909	snake_29468	spear_29766	tail_31265	ten_31562	three_31928	tongue_32199	tooth_32424	tree_32867	two_33128	two_33356	walk_34527	water_35122	woman_35913
animal_317	0.0	0.5408187134502923	0.28691525423728814	0.1718550724637681	0.47016438356164386	0.6816719242902208	0.077874251497006	0.37778106508875736	1.4694444444444443	0.17578125	0.3734567901234568	0.3978285714285714	0.7385798816568047	0.329942363112392	0.2868831168831169	0.1733625730994152	0.17914012738853505	0.38750830564784056	0.21820936639118457	0.21845201238390094	0.38750830564784056	0.8897507788161992	0.08427745664739884	0.29258278145695366	0.7335243553008597	0.3841946308724832	0.8757575757575757	0.6798688524590165	0.6054516129032258	0.11755351681957187	0.3633333333333333	0.4190816326530612	0.3770469798657718	0.2229449838187702	0.6171428571428571	0.5026245847176081	0.268268156424581	0.3401360544217687	0.5059866220735786	0.034122562674094706	0.8444474393530997	0.6686510263929618	0.17737609329446063	1.098047493403694	1.1002770780856423	0.41406432748538013	0.48335463258785943	0.6551381215469614	0.8005263157894738	0.5280307692307692	0.5202903225806452	0.37003058103975534	0.5522875816993463	0.1447112462006079	0.37003058103975534	1.0142724458204335	0.830506329113924	1.1562942779291552	0.8525671641791044	0.3928923076923077	0.08385074626865671	0.4225	0.2645508982035928	0.42737288135593227	0.2661635220125786
arm_808	0.5408187134502923	0.0	0.09760162601626016	0.21390625	0.25796178343949044	0.1728	0.05662745098039216	0.2636861313868613	0.45923913043478265	0.05761363636363637	0.32992031872509964	0.3056183745583039	0.5600358422939068	0.2977941176470588	0.155	0.15574144486692015	0.15766949152542373	0.15625984251968503	0.21574468085106385	0.09852272727272726	0.08565055762081783	0.28357377049180327	0.24141630901287556	0.06732824427480916	0.26694444444444443	0.10803846153846154	0.25471698113207547	0.12121212121212122	0.2394525547445256	0.125	0.3445816733067729	0.10360153256704979	0.10845559845559846	0.09142857142857143	0.2788215488215488	0.13730627306273063	0.4064750957854406	0.11281124497991968	0.11	0.12747967479674796	0.4720543806646526	0.373728813559322	0.20171206225680932	0.6281686046511628	0.6904481792717087	0.3988345864661654	0.1731272727272727	0.4192258064516129	0.20374570446735393	0.2127272727272727	0.1725	0.24150943396226413	0.20910780669144985	0.11102766798418973	0.3013229571984436	0.3131309904153355	0.23364238410596022	0.5361159420289855	0.4452861952861953	0.20132352941176468	0.023062730627306273	0.2662641509433962	0.21551724137931033	0.25399328859060405	0.16125984251968503
belly_1914	0.28691525423728814	0.09760162601626016	0.0	0.06004901960784314	0.07925093632958802	0.2245754716981132	0.005208333333333334	0.05586206896551724	0.23653125	0.020833333333333336	0.08889423076923077	0.12107758620689657	0.20830578512396694	0.06926406926406926	0.12843023255813954	0.03219047619047619	0.02150537634408602	0.2084431137724551	0.023510204081632652	0.0608421052631579	0.2255151515151515	0.27372807017543865	0.009655172413793102	0.06882022471910113	0.11162361623616236	0.14534883720930233	0.20491869918699188	0.2761139896373057	0.18330049261083745	0.0032323232323232328	0.04328828828828828	0.26910828025477707	0.21487654320987656	0.0050251256281407045	0.10573170731707317	0.338855421686747	0.05147058823529412	0.2579865771812081	0.1785164835164835	0.0007729468599033816	0.1769283276450512	0.15562753036437246	0.00875	0.24182108626198084	0.19184210526315787	0.08273504273504273	0.1345273631840796	0.0922340425531915	0.14768181818181816	0.19598086124401914	0.1458	0.128128078817734	0.23294117647058826	0.008366336633663367	0.08763033175355449	0.27337500000000003	0.23246636771300447	0.30593220338983046	0.18892857142857145	0.14507462686567163	0.006237113402061856	0.06945205479452055	0.03893518518518519	0.098	0.08090425531914894
big_2431	0.1718550724637681	0.21390625	0.06004901960784314	0.0	0.181985559566787	0.12544401544401546	0.11626315789473685	0.08233463035019456	0.23592592592592593	0.09063725490196078	0.09242677824267784	0.1008955223880597	0.18782608695652173	0.19428571428571428	0.06685185185185186	0.10331838565022423	0.0671078431372549	0.07239819004524888	0.17066666666666666	0.05137777777777778	0.033648068669527895	0.14225806451612902	0.15355329949238578	0.00510548523206751	0.18503472222222223	0.06977064220183488	0.20927536231884059	0.07166666666666666	0.055325670498084296	0.07113300492610837	0.11953191489361702	0.02693965517241379	0.05542986425339366	0.05861244019138757	0.09256227758007117	0.06417721518987342	0.162	0.09108374384236452	0.03954732510288066	0.09584158415841584	0.1484848484848485	0.18465201465201467	0.06866952789699571	0.3054191616766467	0.3855685131195335	0.11258687258687258	0.06805668016194333	0.2222222222222222	0.09541984732824428	0.13979919678714858	0.07141700404858299	0.10928571428571429	0.045511811023622055	0.08480769230769232	0.12927350427350429	0.17687719298245613	0.08170212765957446	0.3076923076923077	0.15020689655172415	0.07869918699186992	0.08	0.07775100401606426	0.0780168776371308	0.16003787878787878	0.12327014218009479
bird_2723	0.47016438356164386	0.25796178343949044	0.07925093632958802	0.181985559566787	0.0	0.2432894736842105	0.16582995951417004	0.14006430868167202	0.7191011235955057	0.11833962264150945	0.1636082474226804	0.30926174496644293	0.2895076923076923	0.22563758389261743	0.0715547703180212	0.2778846153846154	0.14649606299212597	0.08771929824561403	0.274083044982699	0.2316015625	0.1309090909090909	0.29495297805642634	0.11162361623616236	0.03531034482758621	0.5236688311688311	0.11403636363636364	0.46127035830618895	0.3144483985765124	0.17763333333333337	0.055108695652173904	0.15216949152542372	0.06745644599303136	0.11901098901098901	0.10600000000000001	0.36627906976744184	0.1806810035842294	0.23677852348993286	0.10962406015037594	0.13926315789473684	0.22260162601626018	0.5003206997084548	0.13641833810888251	0.149822695035461	0.6575561797752809	0.5890052356020943	0.34843205574912894	0.14225589225589225	0.3881155015197569	0.24653333333333335	0.28457044673539517	0.10214983713355048	0.21975352112676055	0.20195804195804196	0.14148288973384032	0.1567457627118644	0.402807570977918	0.25796178343949044	0.49194520547945203	0.2961027190332326	0.2127272727272727	0.14173228346456693	0.14471760797342192	0.16705263157894737	0.2859546925566343	0.2090076335877863
bite_3105	0.6816719242902208	0.1728	0.2245754716981132	0.12544401544401546	0.2432894736842105	0.0	0.006353383458646616	0.25566539923954373	0.5796209912536443	0.032346153846153844	0.2733333333333333	0.4096138996138996	0.5014285714285713	0.12965156794425087	0.19602620087336245	0.06180147058823529	0.022239382239382238	0.3042533936651584	0.08084175084175085	0.14384297520661157	0.2786160714285715	0.6525882352941176	0.013127272727272727	0.20828828828828827	0.16644376899696048	0.5281218274111675	0.30183946488294316	0.5551739130434783	0.48927350427350424	0.0284765625	0.06125	0.2590134529147982	0.44458128078817727	0.03038759689922481	0.25	0.53	0.1806810035842294	0.2724528301886792	0.6290147783251231	0.013420074349442382	0.4742633228840126	0.3496503496503497	0.061350364963503656	0.795	0.4734782608695652	0.30566037735849055	0.43478260869565216	0.4209395973154363	0.5775949367088608	0.35392156862745094	0.28566801619433196	0.2777822580645161	0.46735682819383256	0.005142857142857143	0.34504166666666664	0.5501454545454546	0.59536	0.8338762214983714	0.4293031358885018	0.32596707818930043	0.00962406015037594	0.3135222672064777	0.17603921568627454	0.3433941605839416	0.19593220338983053
breast_4265	0.077874251497006	0.05662745098039216	0.005208333333333334	0.11626315789473685	0.16582995951417004	0.006353383458646616	0.0	0.0	0.1654380664652568	0.105	0.019342105263157893	0.022239382239382238	0.044384057971014496	0.10913636363636364	0.00587378640776699	0.12978378378378377	0.05953488372093023	0.0016513761467889909	0.18063106796116504	0.08791208791208792	0.017609756097560977	0.03507299270072992	0.09142857142857143	0.04284153005464481	0.1520689655172414	0.0030188679245283017	0.11634615384615385	0.03322033898305085	0.004820717131474104	0.07248520710059171	0.09830097087378639	0.022160804020100504	0.0016901408450704224	0.13142857142857142	0.08497991967871485	0.00747787610619469	0.02987704918032787	0.008622448979591836	0.0027947598253275107	0.11733333333333333	0.09436893203883497	0.056753731343283584	0.0648	0.14012121212121212	0.19297058823529412	0.03161290322580645	0.02537444933920705	0.07424561403508773	0.025	0.06197424892703863	0.05302752293577982	0.019090909090909092	0.02320175438596491	0.22603896103896104	0.015493562231759657	0.05138790035587189	0.0318560606060606	0.07718100890207716	0.05734767025089606	0.03484444444444444	0.20439189189189189	0.00933609958506224	0.05185714285714286	0.04480620155038761	0.03125
breast_4284	0.37778106508875736	0.2636861313868613	0.05586206896551724	0.08233463035019456	0.14006430868167202	0.25566539923954373	0.0	0.0	0.37904225352112675	0.04776859504132232	0.2	0.2967049808429119	0.33603571428571427	0.06652920962199312	0.19380733944954126	0.0649034749034749	0.03489626556016598	0.16859649122807016	0.14184501845018452	0.05776	0.13401709401709402	0.2526223776223776	0.11807860262008735	0.0916017316017316	0.20067524115755628	0.07609053497942388	0.2187	0.11901098901098901	0.28918032786885245	0.06584415584415584	0.12496153846153846	0.11555555555555555	0.084375	0.08881578947368421	0.2617753623188406	0.13619433198380565	0.36362139917695474	0.06808510638297872	0.16537500000000002	0.04796680497925311	0.3478637770897833	0.22469178082191782	0.10362549800796814	0.47860534124629084	0.45637883008356545	0.2811284046692607	0.1676587301587302	0.2916171617161716	0.17503676470588236	0.2018560606060606	0.17285714285714288	0.19120481927710845	0.12496153846153846	0.03614457831325301	0.2611297071129707	0.2888737201365188	0.2427436823104693	0.5216049382716049	0.35919014084507045	0.1100377358490566	0.03012396694214876	0.42875	0.13924	0.2792988929889299	0.08636734693877551
child_5068	1.4694444444444443	0.45923913043478265	0.23653125	0.23592592592592593	0.7191011235955057	0.5796209912536443	0.1654380664652568	0.37904225352112675	0.0	0.2075	0.3371098265895954	0.4635376044568245	0.6866016713091923	0.3186885245901639	0.19776470588235295	0.24391930835734868	0.2805079365079365	0.31100609756097564	0.34130193905817174	0.39822222222222226	0.3874528301886792	0.7427220630372493	0.14	0.2677708978328173	1.1234626865671642	0.32210526315789473	1.1088449848024318	0.7407911392405063	0.4655718475073314	0.11872463768115943	0.27453781512605047	0.4178778135048231	0.41057877813504823	0.2579750778816199	1.0125	0.508801261829653	0.3375616438356165	0.276125	0.4384210526315789	0.11702857142857143	0.9301052631578948	0.5728882833787466	0.19764705882352943	1.2343896103896101	1.2769	0.4903142857142857	0.45432432432432435	0.6208376963350785	0.8252830188679244	0.8228888888888888	0.6182965299684543	0.34140804597701147	0.5280307692307692	0.27941176470588236	0.3132102272727273	1.369113924050633	1.0631428571428572	1.3597831978319783	0.828356940509915	0.3934502923976608	0.17397590361445783	0.4059475218658892	0.2808309455587392	0.46887978142076503	0.2629761904761905
die_6742	0.17578125	0.05761363636363637	0.020833333333333336	0.09063725490196078	0.11833962264150945	0.032346153846153844	0.105	0.04776859504132232	0.2075	0.0	0.0	0.05042801556420233	0.06322580645161291	0.07443037974683545	0.010613207547169812	0.05861244019138757	0.03595744680851064	0.010273972602739725	0.14768181818181816	0.05472361809045226	0.022830188679245286	0.049244604316546765	0.042908163265306117	0.054179894179894175	0.19786259541984733	0.007788018433179723	0.17399224806201552	0.08004329004329006	0.01	0.06422222222222222	0.07640909090909091	0.03881188118811882	0.019138755980861243	0.12994117647058823	0.0856201550387597	0.007161016949152542	0.04391129032258064	0.016119402985074627	0.030588235294117645	0.05475935828877005	0.13717532467532467	0.07808118081180812	0.05452830188679245	0.11906976744186046	0.1979597701149425	0.023946360153256706	0.0576	0.07863481228668942	0.037834645669291345	0.0594238683127572	0.07207207207207206	0.007903225806451612	0.031153846153846153	0.12551136363636364	0.031021276595744683	0.09761732851985559	0.04297397769516729	0.14939024390243902	0.09761732851985559	0.014795081967213115	0.15337423312883436	0.02816666666666667	0.0495	0.12246963562753037	0.011689497716894976
die_6976	0.3734567901234568	0.32992031872509964	0.08889423076923077	0.09242677824267784	0.1636082474226804	0.2733333333333333	0.019342105263157893	0.2	0.3371098265895954	0.0	0.0	0.3526666666666667	0.4423622047244094	0.1344015444015444	0.23353535353535354	0.07319502074688797	0.07107476635514018	0.16266355140186914	0.140625	0.048776371308016875	0.13876146788990826	0.3572093023255814	0.12211267605633802	0.07272727272727274	0.12803225806451612	0.17889423076923078	0.18312714776632302	0.13704724409448818	0.3764090909090909	0.04035874439461883	0.15569037656903764	0.14135514018691586	0.11467889908256881	0.027056277056277053	0.24946768060836505	0.2323041474654378	0.215748987854251	0.09507042253521127	0.19117647058823528	0.061945701357466056	0.2645	0.2001779359430605	0.15402654867256638	0.4760371517027863	0.40344729344729346	0.3538888888888889	0.18615384615384617	0.2652054794520548	0.21904	0.17149606299212597	0.16676470588235293	0.3160091743119266	0.1797872340425532	0.01652892561983471	0.27282511210762334	0.2989530685920578	0.265984555984556	0.4023529411764706	0.373134328358209	0.18457627118644065	0.00949367088607595	0.2929017857142857	0.12763713080168776	0.16937728937728938	0.22446601941747574
dog_7348	0.3978285714285714	0.3056183745583039	0.12107758620689657	0.1008955223880597	0.30926174496644293	0.4096138996138996	0.022239382239382238	0.2967049808429119	0.4635376044568245	0.05042801556420233	0.3526666666666667	0.0	0.5582656826568266	0.17375886524822692	0.22736842105263158	0.14007782101167315	0.06477732793522267	0.14036290322580647	0.1806810035842294	0.1469387755102041	0.20675105485232068	0.39843971631205677	0.13481327800829876	0.1370886075949367	0.2490880503144654	0.20346153846153847	0.1741486068111455	0.23970037453183524	0.44879668049792537	0.03501945525291829	0.16253731343283584	0.15950207468879665	0.12246963562753037	0.04515625	0.274083044982699	0.2008366533864542	0.45306451612903226	0.08198380566801619	0.25896265560165976	0.10330578512396695	0.6866225165562914	0.30593220338983046	0.16633858267716534	0.605	0.5664542936288088	0.4144140625	0.26682539682539685	0.38954098360655737	0.21728571428571428	0.23357664233576642	0.2657707509881423	0.2970281124497992	0.21718146718146716	0.05596899224806202	0.30520161290322584	0.31592105263157894	0.26888888888888896	0.6128875379939209	0.5210320284697508	0.21551724137931033	0.018333333333333333	0.3698770491803278	0.2173015873015873	0.3722992700729927	0.2058823529411765
drink_7636	0.7385798816568047	0.5600358422939068	0.20830578512396694	0.18782608695652173	0.2895076923076923	0.5014285714285713	0.044384057971014496	0.33603571428571427	0.6866016713091923	0.06322580645161291	0.4423622047244094	0.5582656826568266	0.0	0.13412698412698412	0.3586440677966102	0.14576512455516014	0.12593023255813954	0.17318352059925093	0.2885365853658537	0.16314606741573034	0.2733730158730159	0.4963050847457627	0.18525291828793772	0.14256704980842913	0.3490548780487805	0.2777822580645161	0.3589028213166144	0.3303225806451613	0.6687346938775511	0.02731707317073171	0.19013888888888886	0.3360995850622407	0.22740157480314963	0.05451612903225806	0.45446735395189003	0.328062015503876	0.398014440433213	0.215748987854251	0.3478740157480315	0.08859778597785978	0.597027027027027	0.43646864686468645	0.1712589928057554	0.81546783625731	0.7308695652173912	0.4464130434782609	0.3297014925373134	0.6153770491803279	0.4103584229390681	0.28457044673539517	0.3367537313432836	0.37125	0.3550566037735849	0.04238754325259515	0.38022813688212925	0.6066216216216216	0.4387972508591066	0.9180674846625767	0.6639518900343643	0.3191512915129151	0.019862068965517243	0.4605038759689922	0.2077697841726619	0.508833922261484	0.26472440944881886
ear_7930	0.329942363112392	0.2977941176470588	0.06926406926406926	0.19428571428571428	0.22563758389261743	0.12965156794425087	0.10913636363636364	0.06652920962199312	0.3186885245901639	0.07443037974683545	0.1344015444015444	0.17375886524822692	0.13412698412698412	0.0	0.0	0.1373061224489796	0.0614468085106383	0.14314893617021276	0.12566787003610108	0.06374501992031872	0.06324110671936758	0.3234767025089606	0.1216017316017316	0.09931034482758622	0.24735294117647058	0.09560165975103735	0.24163879598662205	0.14184501845018452	0.054982817869415807	0.14451612903225805	0.215748987854251	0.0398443579766537	0.07934426229508197	0.04481481481481481	0.10181818181818182	0.13456	0.21878787878787878	0.08690987124463519	0.07030418250950571	0.11458149779735682	0.29432432432432437	0.3454676258992806	0.16400826446280994	0.4655718475073314	0.4867039106145251	0.1407446808510638	0.1489922480620155	0.373728813559322	0.15143369175627241	0.14840579710144927	0.0882720588235294	0.1279087452471483	0.11878787878787879	0.08134453781512604	0.11833962264150945	0.17971246006389777	0.24014285714285716	0.3711918604651162	0.23844884488448845	0.18818181818181817	0.061709401709401715	0.10327205882352943	0.10845559845559846	0.2343214285714286	0.11655601659751037
ear_8040	0.2868831168831169	0.155	0.12843023255813954	0.06685185185185186	0.0715547703180212	0.19602620087336245	0.00587378640776699	0.19380733944954126	0.19776470588235295	0.010613207547169812	0.23353535353535354	0.22736842105263158	0.3586440677966102	0.0	0.0	0.0467579908675799	0.07440217391304348	0.1138659793814433	0.08890756302521009	0.04004761904761905	0.13089005235602094	0.17015625	0.0702051282051282	0.039200000000000006	0.0896896551724138	0.11626315789473685	0.1136231884057971	0.10349137931034483	0.4054450261780104	0.010922330097087379	0.1306511627906977	0.15934426229508195	0.05722772277227724	0.034141414141414146	0.18950819672131147	0.1159903381642512	0.12982832618025753	0.09586956521739129	0.11712195121951219	0.01743961352657005	0.2073421926910299	0.13636363636363635	0.05619266055045871	0.23681957186544342	0.25069565217391304	0.2125446428571429	0.10472727272727272	0.18782608695652173	0.12252100840336133	0.07934426229508197	0.0995045045045045	0.30880208333333337	0.10472727272727272	0.009074074074074073	0.2545959595959596	0.17831460674157307	0.155	0.24429022082018928	0.25	0.19883495145631067	0.01097560975609756	0.1755188679245283	0.0988785046728972	0.09652509652509651	0.14862433862433863
egg_8817	0.1733625730994152	0.15574144486692015	0.03219047619047619	0.10331838565022423	0.2778846153846154	0.06180147058823529	0.12978378378378377	0.0649034749034749	0.24391930835734868	0.05861244019138757	0.07319502074688797	0.14007782101167315	0.14576512455516014	0.1373061224489796	0.0467579908675799	0.0	0.0531219512195122	0.031558441558441556	0.21917391304347827	0.16989898989898988	0.11488038277511961	0.12903225806451613	0.12004999999999999	0.051367924528301884	0.13931972789115646	0.03211453744493392	0.13877622377622378	0.09216	0.05285714285714285	0.09482051282051282	0.084375	0.04309417040358745	0.04328828828828828	0.048995215311004786	0.14921052631578946	0.05147058823529412	0.16400826446280994	0.03115207373271889	0.032263374485596706	0.10227272727272727	0.3861168384879725	0.11003508771929825	0.09	0.25513274336283187	0.35072463768115936	0.155	0.05520161290322581	0.1825	0.06606741573033709	0.17604166666666665	0.11068085106382979	0.1059322033898305	0.09281512605042015	0.12690355329949238	0.0582258064516129	0.13686206896551723	0.09832727272727272	0.15735632183908044	0.17314487632508835	0.05476	0.08576530612244898	0.0748582995951417	0.07901709401709402	0.12552238805970148	0.05811659192825112
elephant_9157	0.17914012738853505	0.15766949152542373	0.02150537634408602	0.0671078431372549	0.14649606299212597	0.022239382239382238	0.05953488372093023	0.03489626556016598	0.2805079365079365	0.03595744680851064	0.07107476635514018	0.06477732793522267	0.12593023255813954	0.0614468085106383	0.07440217391304348	0.0531219512195122	0.0	0.02580487804878049	0.08528634361233481	0.11755555555555555	0.05224489795918367	0.05328413284132841	0.10505681818181818	0.012864321608040201	0.28918032786885245	0.021724137931034483	0.17813492063492065	0.06278260869565216	0.0872072072072072	0.02358288770053476	0.15125000000000002	0.049792746113989636	0.024079601990049753	0.0935672514619883	0.40888888888888886	0.026301369863013697	0.060928270042194095	0.03919354838709677	0.024266055045871558	0.0825142857142857	0.10083601286173634	0.047127272727272726	0.04923076923076923	0.10526315789473684	0.2125	0.10393939393939394	0.012142857142857143	0.06020477815699658	0.10439130434782609	0.12653153153153154	0.05542986425339366	0.1159903381642512	0.04	0.15668674698795182	0.09132075471698115	0.1694941634241245	0.07652173913043478	0.12063829787234041	0.13688212927756654	0.10028436018957347	0.08544378698224853	0.0419650655021834	0.061421800947867304	0.049846153846153846	0.08941489361702129
eye_9674	0.38750830564784056	0.15625984251968503	0.2084431137724551	0.07239819004524888	0.08771929824561403	0.3042533936651584	0.0016513761467889909	0.16859649122807016	0.31100609756097564	0.010273972602739725	0.16266355140186914	0.14036290322580647	0.17318352059925093	0.14314893617021276	0.1138659793814433	0.031558441558441556	0.02580487804878049	0.0	0.0	0.061714285714285715	0.1701047120418848	0.3213278008298755	0.00871111111111111	0.09630208333333334	0.08757575757575758	0.2112087912087912	0.1941573033707865	0.2897142857142857	0.20497716894977167	0.02580487804878049	0.060928270042194095	0.16005291005291003	0.2288268156424581	0.01895734597156398	0.09293680297397769	0.3497267759562841	0.10204081632653061	0.22479532163742688	0.24796875	0.0010964912280701754	0.2328712871287129	0.24047430830039523	0.026595744680851064	0.32512499999999994	0.2225	0.1337037037037037	0.20842105263157895	0.14568965517241378	0.18055555555555558	0.24004504504504506	0.16666666666666669	0.20742857142857143	0.18046948356807513	0.013136363636363635	0.17962616822429905	0.2724324324324325	0.30283261802575107	0.38368421052631574	0.2877821011673152	0.17879069767441863	0.002922374429223744	0.2333333333333333	0.07840000000000001	0.09815094339622642	0.07655502392344497
eye_9769	0.21820936639118457	0.21574468085106385	0.023510204081632652	0.17066666666666666	0.274083044982699	0.08084175084175085	0.18063106796116504	0.14184501845018452	0.34130193905817174	0.14768181818181816	0.140625	0.1806810035842294	0.2885365853658537	0.12566787003610108	0.08890756302521009	0.21917391304347827	0.08528634361233481	0.0	0.0	0.09128099173553718	0.05707509881422925	0.10314285714285713	0.3461809045226131	0.04737704918032787	0.26910299003322263	0.02385496183206107	0.19439344262295083	0.07080419580419581	0.10177536231884057	0.1343778801843318	0.19120481927710845	0.06477732793522267	0.016641509433962264	0.16190697674418605	0.2752363636363636	0.03036101083032491	0.20742424242424243	0.015625	0.03764705882352941	0.2710891089108911	0.33177914110429446	0.2367353951890034	0.18379746835443037	0.43393586005830903	0.5729394812680115	0.22289473684210528	0.11045454545454547	0.3125913621262459	0.10965034965034964	0.1343321299638989	0.08501845018450183	0.08501845018450183	0.06391304347826088	0.1965116279069767	0.138996138996139	0.19753246753246753	0.1113907284768212	0.35072463768115936	0.28789115646258506	0.08859778597785978	0.17142857142857143	0.0837818181818182	0.12841897233201582	0.2636861313868613	0.10330578512396695
face_10038	0.21845201238390094	0.09852272727272726	0.0608421052631579	0.05137777777777778	0.2316015625	0.14384297520661157	0.08791208791208792	0.05776	0.39822222222222226	0.05472361809045226	0.048776371308016875	0.1469387755102041	0.16314606741573034	0.06374501992031872	0.04004761904761905	0.16989898989898988	0.11755555555555555	0.061714285714285715	0.09128099173553718	0.0	0.13938144329896907	0.16689655172413795	0.02704225352112676	0.06186868686868687	0.24758490566037736	0.07920792079207921	0.1835205992509363	0.20497716894977167	0.10683760683760683	0.05278350515463917	0.045375000000000006	0.09777777777777777	0.1138659793814433	0.045226130653266326	0.23243801652892565	0.10322429906542055	0.102880658436214	0.0625	0.09462616822429906	0.051457286432160805	0.2607407407407407	0.07130281690140845	0.042334801762114536	0.2580487804878049	0.23525568181818182	0.09642570281124499	0.065	0.1467013888888889	0.19517391304347825	0.15450643776824033	0.11663677130044842	0.08842794759825327	0.18899999999999997	0.14135869565217393	0.07214592274678112	0.19884328358208958	0.18720647773279353	0.1994224924012158	0.16383211678832119	0.12653153153153154	0.05671875	0.09120689655172415	0.09662100456621005	0.07170370370370371	0.061421800947867304
fall_10314	0.38750830564784056	0.08565055762081783	0.2255151515151515	0.033648068669527895	0.1309090909090909	0.2786160714285715	0.017609756097560977	0.13401709401709402	0.3874528301886792	0.022830188679245286	0.13876146788990826	0.20675105485232068	0.2733730158730159	0.06324110671936758	0.13089005235602094	0.11488038277511961	0.05224489795918367	0.1701047120418848	0.05707509881422925	0.13938144329896907	0.0	0.3213278008298755	0.014660633484162897	0.16805555555555557	0.14422535211267606	0.2112087912087912	0.2616342412451362	0.3458823529411765	0.25018779342723	0.028235294117647056	0.042139917695473254	0.25361581920903953	0.2288268156424581	0.04163366336633663	0.275672268907563	0.37149171270718234	0.09327935222672064	0.11876344086021506	0.2313917525773196	0.003616071428571429	0.2328712871287129	0.1428996282527881	0.018451882845188283	0.3634603174603175	0.2339265536723164	0.1615126050420168	0.13194570135746606	0.14568965517241378	0.2001731601731602	0.28036866359447005	0.262512315270936	0.1543119266055046	0.29944444444444446	0.04043269230769231	0.11559999999999998	0.35485943775100404	0.3381659388646288	0.3131309904153355	0.3036862745098039	0.10530701754385965	0.02140776699029126	0.14	0.07840000000000001	0.16832669322709162	0.08521739130434783
fat, oil_10514	0.8897507788161992	0.28357377049180327	0.27372807017543865	0.14225806451612902	0.29495297805642634	0.6525882352941176	0.03507299270072992	0.2526223776223776	0.7427220630372493	0.049244604316546765	0.3572093023255814	0.39843971631205677	0.4963050847457627	0.3234767025089606	0.17015625	0.12903225806451613	0.05328413284132841	0.3213278008298755	0.10314285714285713	0.16689655172413795	0.3213278008298755	0.0	0.054128113879003556	0.24066666666666667	0.31100609756097564	0.5011363636363637	0.42470588235294116	0.5206692913385826	0.4605038759689922	0.0447080291970803	0.12613559322033896	0.32675105485232064	0.4144933920704846	0.023636363636363636	0.32561461794019936	0.5775109170305677	0.2162162162162162	0.281587982832618	0.5099141630901287	0.021626297577854673	0.5092284866468842	0.5132413793103449	0.0896896551724138	0.9748923076923077	0.5888859416445623	0.3003125	0.44943999999999995	0.49282051282051276	0.5538461538461539	0.3538267148014441	0.3984765625	0.3193962264150943	0.5028979591836734	0.02703448275862069	0.25142335766423357	0.7150354609929077	0.9886831275720165	0.792870090634441	0.6422222222222221	0.3604980842911878	0.01856140350877193	0.4016988416988417	0.17625899280575538	0.3367003367003367	0.22740157480314963
feather_10928	0.08427745664739884	0.24141630901287556	0.009655172413793102	0.15355329949238578	0.11162361623616236	0.013127272727272727	0.09142857142857143	0.11807860262008735	0.14	0.042908163265306117	0.12211267605633802	0.13481327800829876	0.18525291828793772	0.1216017316017316	0.0702051282051282	0.12004999999999999	0.10505681818181818	0.00871111111111111	0.3461809045226131	0.02704225352112676	0.014660633484162897	0.054128113879003556	0.0	0.009245283018867925	0.10651408450704224	0.0028193832599118945	0.055172413793103454	0.006353383458646616	0.060418410041841	0.07081967213114754	0.1815121951219512	0.018604651162790697	0.00017241379310344826	0.0696774193548387	0.144	0.002601626016260163	0.28368421052631576	0.003767441860465116	0.0014634146341463417	0.22828220858895704	0.13498402555910544	0.15875968992248063	0.21111702127659576	0.1921921921921922	0.34799392097264437	0.20040178571428569	0.04982758620689655	0.18330909090909092	0.027718631178707227	0.06157894736842105	0.06671052631578948	0.09574660633484162	0.01306451612903226	0.128	0.16735576923076922	0.09190812720848056	0.039599999999999996	0.20947040498442365	0.21061538461538462	0.07405286343612334	0.04787234042553192	0.07703056768558952	0.09981132075471699	0.1249402390438247	0.10384615384615385
fire_11947	0.29258278145695366	0.06732824427480916	0.06882022471910113	0.00510548523206751	0.03531034482758621	0.20828828828828827	0.04284153005464481	0.0916017316017316	0.2677708978328173	0.054179894179894175	0.07272727272727274	0.1370886075949367	0.14256704980842913	0.09931034482758622	0.039200000000000006	0.051367924528301884	0.012864321608040201	0.09630208333333334	0.04737704918032787	0.06186868686868687	0.16805555555555557	0.24066666666666667	0.009245283018867925	0.0	0.07321799307958476	0.13812154696132597	0.1509125475285171	0.23902439024390248	0.11210762331838567	0.038776595744680856	0.02213389121338912	0.2545180722891566	0.21176470588235297	0.05886486486486487	0.13048192771084335	0.20446808510638295	0.0735	0.058235294117647066	0.29454545454545455	0.0038388625592417065	0.217687074829932	0.2535	0.028153153153153154	0.26040880503144653	0.23684210526315788	0.09204166666666666	0.29127659574468084	0.114	0.1475438596491228	0.1560986547085202	0.28973544973544973	0.04142241379310344	0.2302051282051282	0.021724137931034483	0.03336170212765958	0.21390625	0.26118942731277534	0.30415841584158415	0.22740157480314963	0.06389380530973451	0.020618556701030924	0.12041666666666666	0.037377777777777774	0.1902118644067797	0.013196347031963469
five_12733	0.7335243553008597	0.26694444444444443	0.11162361623616236	0.18503472222222223	0.5236688311688311	0.16644376899696048	0.1520689655172414	0.20067524115755628	1.1234626865671642	0.19786259541984733	0.12803225806451612	0.2490880503144654	0.3490548780487805	0.24735294117647058	0.0896896551724138	0.13931972789115646	0.28918032786885245	0.08757575757575758	0.26910299003322263	0.24758490566037736	0.14422535211267606	0.31100609756097564	0.10651408450704224	0.07321799307958476	0.0	0.0926027397260274	0.8050174216027873	0.30802047781569963	0.24003322259136214	0.0715547703180212	0.19895973154362415	0.14628571428571427	0.1136013986013986	0.2334251968503937	0.5523630136986302	0.13229999999999997	0.20317460317460317	0.1368014705882353	0.09120129870129871	0.1687593984962406	0.4316298342541437	0.24967551622418876	0.16896551724137931	0.5485714285714285	0.7059317585301836	0.1304191616766467	0.12721153846153846	0.3361383285302594	0.35030303030303034	0.33898305084745756	0.22870748299319726	0.18687707641196014	0.1875	0.33662601626016264	0.14051612903225805	0.6935117056856187	0.48484848484848486	0.5179892761394103	0.29827485380116964	0.2094295302013423	0.22321428571428573	0.15308681672025723	0.1088673139158576	0.288	0.14371929824561402
fly_13243	0.3841946308724832	0.10803846153846154	0.14534883720930233	0.06977064220183488	0.11403636363636364	0.5281218274111675	0.0030188679245283017	0.07609053497942388	0.32210526315789473	0.007788018433179723	0.17889423076923078	0.20346153846153847	0.2777822580645161	0.09560165975103735	0.11626315789473685	0.03211453744493392	0.021724137931034483	0.2112087912087912	0.02385496183206107	0.07920792079207921	0.2112087912087912	0.5011363636363637	0.0028193832599118945	0.13812154696132597	0.0926027397260274	0.0	0.20980842911877395	0.3427363184079602	0.31683168316831684	0.010765550239234449	0.03734439834024896	0.20787709497206702	0.34298780487804875	0.005601851851851851	0.15193675889328062	0.42751445086705203	0.0905327868852459	0.21301775147928992	0.3506179775280899	0.0003982300884955752	0.23598662207357857	0.1969140625	0.027056277056277053	0.40133550488599345	0.1772853185595568	0.15834042553191488	0.2869897959183673	0.16882978723404254	0.3344075829383886	0.22171945701357465	0.1899043062200957	0.13940092165898618	0.3250520833333333	0.0015859030837004407	0.169811320754717	0.3606530612244898	0.40347031963470315	0.35578947368421054	0.2262977099236641	0.24955445544554455	4.5045045045045046e-05	0.18633802816901407	0.07572072072072072	0.11770428015564201	0.1945945945945946
four_13441	0.8757575757575757	0.25471698113207547	0.20491869918699188	0.20927536231884059	0.46127035830618895	0.30183946488294316	0.11634615384615385	0.2187	1.1088449848024318	0.17399224806201552	0.18312714776632302	0.1741486068111455	0.3589028213166144	0.24163879598662205	0.1136231884057971	0.13877622377622378	0.17813492063492065	0.1941573033707865	0.19439344262295083	0.1835205992509363	0.2616342412451362	0.42470588235294116	0.055172413793103454	0.1509125475285171	0.8050174216027873	0.20980842911877395	0.0	0.48003759398496243	0.2541580756013746	0.05432142857142857	0.15013377926421403	0.2657707509881423	0.28224	0.18818181818181817	0.5376223776223776	0.3661089494163424	0.13161993769470404	0.27	0.24210332103321033	0.05633802816901409	0.3643250688705234	0.30343653250773994	0.07950331125827814	0.6923876404494382	0.6808510638297872	0.21164516129032257	0.2434275618374558	0.34508875739644973	0.45122302158273375	0.4777941176470588	0.30778181818181816	0.263202846975089	0.42241379310344823	0.15515151515151515	0.15976510067114094	0.847	0.5629787234042553	0.6069943820224719	0.3351063829787234	0.2839068100358423	0.12938461538461538	0.19579661016949154	0.11642140468227424	0.2555205047318612	0.1995880149812734
goat_14327	0.6798688524590165	0.12121212121212122	0.2761139896373057	0.07166666666666666	0.3144483985765124	0.5551739130434783	0.03322033898305085	0.11901098901098901	0.7407911392405063	0.08004329004329006	0.13704724409448818	0.23970037453183524	0.3303225806451613	0.14184501845018452	0.10349137931034483	0.09216	0.06278260869565216	0.2897142857142857	0.07080419580419581	0.20497716894977167	0.3458823529411765	0.5206692913385826	0.006353383458646616	0.23902439024390248	0.30802047781569963	0.3427363184079602	0.48003759398496243	0.0	0.31669456066945606	0.02360655737704918	0.023391003460207616	0.32320197044334975	0.46751322751322744	0.07308695652173913	0.2857564575645756	0.5176119402985075	0.08027874564459932	0.35204188481675397	0.4612254901960784	0.0112890625	0.4506148867313916	0.2665140845070422	0.03103321033210332	0.6301249999999999	0.4505307262569832	0.16443223443223443	0.3319736842105263	0.28639072847682123	0.5049350649350649	0.3953361344537815	0.31277056277056275	0.17424	0.4884507042253521	0.026932270916334666	0.12544401544401546	0.6177431906614786	0.5583402489626557	0.6282051282051282	0.3451056338028169	0.254560669456067	0.030375	0.1896812749003984	0.05992509363295881	0.24540145985401463	0.12408510638297873
head_15361	0.6054516129032258	0.2394525547445256	0.18330049261083745	0.055325670498084296	0.17763333333333337	0.48927350427350424	0.004820717131474104	0.28918032786885245	0.4655718475073314	0.01	0.3764090909090909	0.44879668049792537	0.6687346938775511	0.054982817869415807	0.4054450261780104	0.05285714285714285	0.0872072072072072	0.20497716894977167	0.10177536231884057	0.10683760683760683	0.25018779342723	0.4605038759689922	0.060418410041841	0.11210762331838567	0.24003322259136214	0.31683168316831684	0.2541580756013746	0.31669456066945606	0.0	0.0	0.15875999999999998	0.29823529411764704	0.2170892018779343	0.035041666666666665	0.3444656488549618	0.3635680751173709	0.2316015625	0.17719047619047623	0.40888888888888886	0.03475206611570248	0.4178778135048231	0.27558718861209963	0.14016666666666666	0.5121212121212121	0.39669421487603307	0.3181124497991968	0.2995217391304348	0.37425605536332185	0.3824066390041494	0.19862068965517243	0.22112033195020747	0.36160714285714285	0.3441777777777778	0.009884169884169885	0.433594470046083	0.48674157303370785	0.41122529644268774	0.5580126182965299	0.39046931407942237	0.3998190045248869	0.0031640625	0.36480176211453746	0.1525	0.24720588235294116	0.24111627906976743
head_15217	0.11755351681957187	0.125	0.0032323232323232328	0.07113300492610837	0.055108695652173904	0.0284765625	0.07248520710059171	0.06584415584415584	0.11872463768115943	0.06422222222222222	0.04035874439461883	0.03501945525291829	0.02731707317073171	0.14451612903225805	0.010922330097087379	0.09482051282051282	0.02358288770053476	0.02580487804878049	0.1343778801843318	0.05278350515463917	0.028235294117647056	0.0447080291970803	0.07081967213114754	0.038776595744680856	0.0715547703180212	0.010765550239234449	0.05432142857142857	0.02360655737704918	0.0	0.0	0.12195121951219512	0.010765550239234449	0.008047619047619048	0.07405714285714286	0.06177606177606178	0.008558951965065502	0.07183760683760683	0.007164179104477611	0.011377777777777778	0.04237837837837838	0.13990066225165562	0.12298039215686274	0.04923076923076923	0.17717791411042946	0.22393491124260353	0.06311203319502075	0.020772532188841203	0.09554770318021202	0.018832684824902725	0.05422594142259414	0.05542986425339366	0.029391304347826087	0.029519650655021837	0.11190751445086704	0.045714285714285714	0.03291095890410958	0.046755725190839696	0.14271604938271604	0.10840148698884759	0.022606837606837606	0.05851428571428571	0.05115044247787611	0.09536945812807883	0.0625	0.033300492610837444
heart_16283	0.3633333333333333	0.3445816733067729	0.04328828828828828	0.11953191489361702	0.15216949152542372	0.06125	0.09830097087378639	0.12496153846153846	0.27453781512605047	0.07640909090909091	0.15569037656903764	0.16253731343283584	0.19013888888888886	0.215748987854251	0.1306511627906977	0.084375	0.15125000000000002	0.060928270042194095	0.19120481927710845	0.045375000000000006	0.042139917695473254	0.12613559322033896	0.1815121951219512	0.02213389121338912	0.19895973154362415	0.03734439834024896	0.15013377926421403	0.023391003460207616	0.15875999999999998	0.12195121951219512	0.0	0.05190677966101695	0.0038461538461538464	0.08166666666666667	0.18919708029197083	0.03222222222222222	0.2277327935222672	0.04491228070175438	0.013420074349442382	0.09418604651162792	0.2314678899082569	0.19281690140845067	0.20404545454545456	0.23131284916201114	0.3933333333333333	0.15574144486692015	0.06440613026819923	0.27034129692832765	0.11162361623616236	0.10014814814814814	0.09881422924901186	0.14266393442622952	0.054696969696969695	0.13885714285714285	0.2704	0.16859531772575254	0.0926027397260274	0.28164222873900296	0.2674558303886926	0.22344827586206897	0.07476635514018691	0.1016015625	0.264954128440367	0.1626449275362319	0.2147846889952153
horn_16467	0.4190816326530612	0.10360153256704979	0.26910828025477707	0.02693965517241379	0.06745644599303136	0.2590134529147982	0.022160804020100504	0.11555555555555555	0.4178778135048231	0.03881188118811882	0.14135514018691586	0.15950207468879665	0.3360995850622407	0.0398443579766537	0.15934426229508195	0.04309417040358745	0.049792746113989636	0.16005291005291003	0.06477732793522267	0.09777777777777777	0.25361581920903953	0.32675105485232064	0.018604651162790697	0.2545180722891566	0.14628571428571427	0.20787709497206702	0.2657707509881423	0.32320197044334975	0.29823529411764704	0.010765550239234449	0.05190677966101695	0.0	0.2609883720930233	0.03645	0.22721991701244815	0.34672222222222226	0.07838056680161942	0.1967251461988304	0.29923497267759563	0.0016143497757847537	0.21725165562913903	0.2591093117408907	0.020683760683760682	0.32924050632911395	0.25463976945244954	0.12049586776859504	0.2779695431472081	0.09426174496644295	0.22504464285714285	0.31242857142857144	0.40913513513513516	0.14518518518518517	0.38844086021505375	0.02519047619047619	0.1282648401826484	0.408375	0.37301801801801804	0.4328474576271186	0.2767058823529412	0.12235294117647058	0.010817307692307692	0.1932075471698113	0.07174887892376682	0.15939759036144577	0.07804878048780488
house_16986	0.3770469798657718	0.10845559845559846	0.21487654320987656	0.05542986425339366	0.11901098901098901	0.44458128078817727	0.0016901408450704224	0.084375	0.41057877813504823	0.019138755980861243	0.11467889908256881	0.12246963562753037	0.22740157480314963	0.07934426229508197	0.05722772277227724	0.04328828828828828	0.024079601990049753	0.2288268156424581	0.016641509433962264	0.1138659793814433	0.2288268156424581	0.4144933920704846	0.00017241379310344826	0.21176470588235297	0.1136013986013986	0.34298780487804875	0.28224	0.46751322751322744	0.2170892018779343	0.008047619047619048	0.0038461538461538464	0.2609883720930233	0.0	0.0	0.13650980392156864	0.48214285714285715	0.06059760956175299	0.22281437125748504	0.576	0.0	0.2241333333333333	0.23811244979919677	0.015296610169491525	0.3455591054313099	0.2089265536723164	0.12099585062240664	0.3368421052631579	0.16943060498220638	0.37592233009708736	0.2699065420560748	0.2779695431472081	0.12347031963470317	0.37935483870967746	4.329004329004329e-05	0.08528634361233481	0.4622222222222222	0.44878504672897196	0.41625	0.20109433962264153	0.17635071090047394	0.0016666666666666666	0.15502304147465437	0.04755458515283843	0.14342629482071714	0.09199004975124378
house_16865	0.2229449838187702	0.09142857142857143	0.0050251256281407045	0.05861244019138757	0.10600000000000001	0.03038759689922481	0.13142857142857142	0.08881578947368421	0.2579750778816199	0.12994117647058823	0.027056277056277053	0.04515625	0.05451612903225806	0.04481481481481481	0.034141414141414146	0.048995215311004786	0.0935672514619883	0.01895734597156398	0.16190697674418605	0.045226130653266326	0.04163366336633663	0.023636363636363636	0.0696774193548387	0.05886486486486487	0.2334251968503937	0.005601851851851851	0.18818181818181817	0.07308695652173913	0.035041666666666665	0.07405714285714286	0.08166666666666667	0.03645	0.0	0.0	0.20433476394849784	0.009740259740259738	0.04737704918032787	0.016363636363636365	0.011228070175438596	0.07648044692737431	0.09227848101265822	0.07170370370370371	0.04225352112676057	0.132810650887574	0.22776470588235295	0.06584362139917696	0.024615384615384615	0.059594594594594597	0.05918032786885246	0.09120689655172415	0.05811659192825112	0.022415254237288136	0.04530973451327434	0.26256410256410256	0.039301310043668124	0.10720588235294118	0.04345864661654135	0.09612426035502958	0.11162361623616236	0.016666666666666666	0.17113924050632912	0.04432900432900433	0.03269058295964125	0.055325670498084296	0.006545454545454545
hunger_17380	0.6171428571428571	0.2788215488215488	0.10573170731707317	0.09256227758007117	0.36627906976744184	0.25	0.08497991967871485	0.2617753623188406	1.0125	0.0856201550387597	0.24946768060836505	0.274083044982699	0.45446735395189003	0.10181818181818182	0.18950819672131147	0.14921052631578946	0.40888888888888886	0.09293680297397769	0.2752363636363636	0.23243801652892565	0.275672268907563	0.32561461794019936	0.144	0.13048192771084335	0.5523630136986302	0.15193675889328062	0.5376223776223776	0.2857564575645756	0.3444656488549618	0.06177606177606178	0.18919708029197083	0.22721991701244815	0.13650980392156864	0.20433476394849784	0.0	0.20417624521072797	0.2237762237762238	0.0984251968503937	0.2188715953307393	0.0781853281853282	0.4781927710843374	0.25306709265175714	0.15340823970037454	0.5842571428571428	0.676	0.5389370078740158	0.18330909090909092	0.35112499999999996	0.38820895522388055	0.412824427480916	0.3492490118577075	0.23970037453183524	0.35063492063492063	0.19266666666666665	0.21313653136531363	0.7025818181818182	0.42584229390681005	0.6014411764705883	0.5619860627177701	0.21235294117647058	0.09642570281124499	0.2499628252788104	0.19488721804511278	0.2457142857142857	0.20903225806451617
know_18997	0.5026245847176081	0.13730627306273063	0.338855421686747	0.06417721518987342	0.1806810035842294	0.53	0.00747787610619469	0.13619433198380565	0.508801261829653	0.007161016949152542	0.2323041474654378	0.2008366533864542	0.328062015503876	0.13456	0.1159903381642512	0.05147058823529412	0.026301369863013697	0.3497267759562841	0.03036101083032491	0.10322429906542055	0.37149171270718234	0.5775109170305677	0.002601626016260163	0.20446808510638295	0.13229999999999997	0.42751445086705203	0.3661089494163424	0.5176119402985075	0.3635680751173709	0.008558951965065502	0.03222222222222222	0.34672222222222226	0.48214285714285715	0.009740259740259738	0.20417624521072797	0.0	0.08793893129770992	0.3467251461988304	0.4986187845303867	0.0003673469387755102	0.2799029126213592	0.24060150375939848	0.012607003891050583	0.5402922077922078	0.2777777777777778	0.169	0.3524390243902439	0.21446735395189	0.42275229357798166	0.38825688073394493	0.27705607476635513	0.22913636363636364	0.4750515463917526	0.0014634146341463417	0.1334468085106383	0.544238683127572	0.5575113122171945	0.569023569023569	0.27191176470588235	0.2134977578475336	0.0010548523206751054	0.23246636771300447	0.0735	0.1700378787878788	0.15695652173913044
leg_19876	0.268268156424581	0.4064750957854406	0.05147058823529412	0.162	0.23677852348993286	0.1806810035842294	0.02987704918032787	0.36362139917695474	0.3375616438356165	0.04391129032258064	0.215748987854251	0.45306451612903226	0.398014440433213	0.21878787878787878	0.12982832618025753	0.16400826446280994	0.060928270042194095	0.10204081632653061	0.20742424242424243	0.102880658436214	0.09327935222672064	0.2162162162162162	0.28368421052631576	0.0735	0.20317460317460317	0.0905327868852459	0.13161993769470404	0.08027874564459932	0.2316015625	0.07183760683760683	0.2277327935222672	0.07838056680161942	0.06059760956175299	0.04737704918032787	0.2237762237762238	0.08793893129770992	0.0	0.03350597609561753	0.12444444444444443	0.14	0.35779141104294476	0.32680851063829786	0.22773504273504272	0.46285714285714286	0.5379661016949153	0.4146747967479675	0.2140160642570281	0.4418339100346021	0.15557142857142858	0.1372857142857143	0.1753515625	0.24101626016260164	0.09191176470588236	0.05869918699186992	0.329531914893617	0.21233009708737863	0.194636678200692	0.5042727272727273	0.44161290322580643	0.19291338582677167	0.00992248062015504	0.26670731707317075	0.18796747967479674	0.2742391304347826	0.12551867219917012
louse_20701	0.3401360544217687	0.11281124497991968	0.2579865771812081	0.09108374384236452	0.10962406015037594	0.2724528301886792	0.008622448979591836	0.06808510638297872	0.276125	0.016119402985074627	0.09507042253521127	0.08198380566801619	0.215748987854251	0.08690987124463519	0.09586956521739129	0.03115207373271889	0.03919354838709677	0.22479532163742688	0.015625	0.0625	0.11876344086021506	0.281587982832618	0.003767441860465116	0.058235294117647066	0.1368014705882353	0.21301775147928992	0.27	0.35204188481675397	0.17719047619047623	0.007164179104477611	0.04491228070175438	0.1967251461988304	0.22281437125748504	0.016363636363636365	0.0984251968503937	0.3467251461988304	0.03350597609561753	0.0	0.20891304347826087	4.608294930875576e-05	0.1674750830564784	0.15687747035573124	0.01597345132743363	0.2823003194888179	0.20393063583815027	0.061829268292682926	0.12444976076555024	0.12387900355871885	0.2525592417061612	0.2181132075471698	0.12385714285714286	0.15926470588235295	0.23259067357512955	0.0047169811320754715	0.06851351351351352	0.3403361344537815	0.24017543859649124	0.3691467576791809	0.16064638783269963	0.18512437810945276	0.0039901477832512315	0.13819905213270142	0.035	0.08696850393700788	0.10189473684210526
moon_21517	0.5059866220735786	0.11	0.1785164835164835	0.03954732510288066	0.13926315789473684	0.6290147783251231	0.0027947598253275107	0.16537500000000002	0.4384210526315789	0.030588235294117645	0.19117647058823528	0.25896265560165976	0.3478740157480315	0.07030418250950571	0.11712195121951219	0.032263374485596706	0.024266055045871558	0.24796875	0.03764705882352941	0.09462616822429906	0.2313917525773196	0.5099141630901287	0.0014634146341463417	0.29454545454545455	0.09120129870129871	0.3506179775280899	0.24210332103321033	0.4612254901960784	0.40888888888888886	0.011377777777777778	0.013420074349442382	0.29923497267759563	0.576	0.011228070175438596	0.2188715953307393	0.4986187845303867	0.12444444444444443	0.20891304347826087	0.0	0.0	0.3411705685618729	0.27895752895752896	0.037037037037037035	0.5040322580645161	0.273008356545961	0.19512295081967213	0.4554639175257732	0.2286062717770035	0.37470588235294117	0.2807017543859649	0.3062200956937799	0.20220720720720725	0.37656716417910446	0.001020408163265306	0.14004310344827586	0.40960629921259845	0.43478260869565216	0.5309698996655519	0.3372519083969465	0.18777777777777774	0.0015384615384615385	0.3004694835680751	0.09931034482758622	0.2147450980392157	0.08442922374429224
moon_21358	0.034122562674094706	0.12747967479674796	0.0007729468599033816	0.09584158415841584	0.22260162601626018	0.013420074349442382	0.11733333333333333	0.04796680497925311	0.11702857142857143	0.05475935828877005	0.061945701357466056	0.10330578512396695	0.08859778597785978	0.11458149779735682	0.01743961352657005	0.10227272727272727	0.0825142857142857	0.0010964912280701754	0.2710891089108911	0.051457286432160805	0.003616071428571429	0.021626297577854673	0.22828220858895704	0.0038388625592417065	0.1687593984962406	0.0003982300884955752	0.05633802816901409	0.0112890625	0.03475206611570248	0.04237837837837838	0.09418604651162792	0.0016143497757847537	0.0	0.07648044692737431	0.0781853281853282	0.0003673469387755102	0.14	4.608294930875576e-05	0.0	0.0	0.18939393939393942	0.051942446043165474	0.11156565656565658	0.15474626865671642	0.2825525525525525	0.08853556485355649	0.02440677966101695	0.12857142857142856	0.018473282442748092	0.02450980392156863	0.009146341463414634	0.06111607142857142	0.003227091633466136	0.12622857142857144	0.06111607142857142	0.036915254237288135	0.015693950177935942	0.08501457725947523	0.03931972789115646	0.03879310344827586	0.14730061349693252	0.03563559322033898	0.07547169811320754	0.09106719367588932	0.04411764705882353
name_22298	0.8444474393530997	0.4720543806646526	0.1769283276450512	0.1484848484848485	0.5003206997084548	0.4742633228840126	0.09436893203883497	0.3478637770897833	0.9301052631578948	0.13717532467532467	0.2645	0.6866225165562914	0.597027027027027	0.29432432432432437	0.2073421926910299	0.3861168384879725	0.10083601286173634	0.2328712871287129	0.33177914110429446	0.2607407407407407	0.2328712871287129	0.5092284866468842	0.13498402555910544	0.217687074829932	0.4316298342541437	0.23598662207357857	0.3643250688705234	0.4506148867313916	0.4178778135048231	0.13990066225165562	0.2314678899082569	0.21725165562913903	0.2241333333333333	0.09227848101265822	0.4781927710843374	0.2799029126213592	0.35779141104294476	0.1674750830564784	0.3411705685618729	0.18939393939393942	0.0	0.4790643274853801	0.2490032154340836	0.9475603217158176	1.1506382978723404	0.3916871165644171	0.3334615384615385	0.6435072463768116	0.35345454545454547	0.38145510835913315	0.3967213114754099	0.26204334365325077	0.36480519480519485	0.15012987012987014	0.28890282131661443	0.5830205278592375	0.3878299120234604	0.9225068119891007	0.5440289855072464	0.27440993788819873	0.12200000000000001	0.35111464968152867	0.28320512820512816	0.5296604938271605	0.1851282051282051
neck_22950	0.6686510263929618	0.373728813559322	0.15562753036437246	0.18465201465201467	0.13641833810888251	0.3496503496503497	0.056753731343283584	0.22469178082191782	0.5728882833787466	0.07808118081180812	0.2001779359430605	0.30593220338983046	0.43646864686468645	0.3454676258992806	0.13636363636363635	0.11003508771929825	0.047127272727272726	0.24047430830039523	0.2367353951890034	0.07130281690140845	0.1428996282527881	0.5132413793103449	0.15875968992248063	0.2535	0.24967551622418876	0.1969140625	0.30343653250773994	0.2665140845070422	0.27558718861209963	0.12298039215686274	0.19281690140845067	0.2591093117408907	0.23811244979919677	0.07170370370370371	0.25306709265175714	0.24060150375939848	0.32680851063829786	0.15687747035573124	0.27895752895752896	0.051942446043165474	0.4790643274853801	0.0	0.16814545454545457	0.7768713450292398	0.7279178082191781	0.24902356902356904	0.5211836734693878	0.5799672131147541	0.2992733564013841	0.2885365853658537	0.3953875968992248	0.18062717770034845	0.2575182481751825	0.09669144981412639	0.19806338028169013	0.44300970873786405	0.4544055944055944	0.8502743902439025	0.5497986577181208	0.2418705035971223	0.025759717314487632	0.36241509433962266	0.22367647058823528	0.33444816053511706	0.09256227758007117
one_24148	0.17737609329446063	0.20171206225680932	0.00875	0.06866952789699571	0.149822695035461	0.061350364963503656	0.0648	0.10362549800796814	0.19764705882352943	0.05452830188679245	0.15402654867256638	0.16633858267716534	0.1712589928057554	0.16400826446280994	0.05619266055045871	0.09	0.04923076923076923	0.026595744680851064	0.18379746835443037	0.042334801762114536	0.018451882845188283	0.0896896551724138	0.21111702127659576	0.028153153153153154	0.16896551724137931	0.027056277056277053	0.07950331125827814	0.03103321033210332	0.14016666666666666	0.04923076923076923	0.20404545454545456	0.020683760683760682	0.015296610169491525	0.04225352112676057	0.15340823970037454	0.012607003891050583	0.22773504273504272	0.01597345132743363	0.037037037037037035	0.11156565656565658	0.2490032154340836	0.16814545454545457	0.0	0.2354651162790698	0.3201139601139601	0.21599999999999997	0.11506382978723403	0.2924187725631769	0.10887596899224807	0.03025179856115108	0.07546938775510204	0.12982832618025753	0.04287401574803149	0.0645754716981132	0.15200873362445413	0.12656462585034015	0.08574999999999999	0.23047619047619047	0.21327338129496404	0.14562770562770563	0.029205607476635517	0.1493991416309013	0.1643835616438356	0.12940520446096657	0.11325471698113208
person_24653	1.098047493403694	0.6281686046511628	0.24182108626198084	0.3054191616766467	0.6575561797752809	0.795	0.14012121212121212	0.47860534124629084	1.2343896103896101	0.11906976744186046	0.4760371517027863	0.605	0.81546783625731	0.4655718475073314	0.23681957186544342	0.25513274336283187	0.10526315789473684	0.32512499999999994	0.43393586005830903	0.2580487804878049	0.3634603174603175	0.9748923076923077	0.1921921921921922	0.26040880503144653	0.5485714285714285	0.40133550488599345	0.6923876404494382	0.6301249999999999	0.5121212121212121	0.17717791411042946	0.23131284916201114	0.32924050632911395	0.3455591054313099	0.132810650887574	0.5842571428571428	0.5402922077922078	0.46285714285714286	0.2823003194888179	0.5040322580645161	0.15474626865671642	0.9475603217158176	0.7768713450292398	0.2354651162790698	0.0	1.4381510416666665	0.6177945619335348	0.5396540880503146	0.9949127906976742	0.5109677419354839	0.48944117647058827	0.4193975903614458	0.39477611940298507	0.5396540880503146	0.10631428571428572	0.49	0.8087106017191976	0.7976899696048632	1.468935574229692	0.8700290697674419	0.4098502994011976	0.08071839080459771	0.5411180124223602	0.3812765957446808	0.5993063583815029	0.37028571428571433
rain_25113	1.1002770780856423	0.6904481792717087	0.19184210526315787	0.3855685131195335	0.5890052356020943	0.4734782608695652	0.19297058823529412	0.45637883008356545	1.2769	0.1979597701149425	0.40344729344729346	0.5664542936288088	0.7308695652173912	0.4867039106145251	0.25069565217391304	0.35072463768115936	0.2125	0.2225	0.5729394812680115	0.23525568181818182	0.2339265536723164	0.5888859416445623	0.34799392097264437	0.23684210526315788	0.7059317585301836	0.1772853185595568	0.6808510638297872	0.4505307262569832	0.39669421487603307	0.22393491124260353	0.3933333333333333	0.25463976945244954	0.2089265536723164	0.22776470588235295	0.676	0.2777777777777778	0.5379661016949153	0.20393063583815027	0.273008356545961	0.2825525525525525	1.1506382978723404	0.7279178082191781	0.3201139601139601	1.4381510416666665	0.0	0.6379597701149425	0.3704481792717087	0.8709677419354839	0.36835978835978833	0.5105042016806722	0.3769187675070028	0.4159375	0.3342541436464089	0.22381502890173408	0.44899425287356315	0.7047480106100795	0.4893121693121693	1.4116666666666668	0.7698382749326146	0.34651933701657456	0.1966081871345029	0.4192676056338028	0.2938781163434903	0.5526756756756757	0.2390960451977401
road_25605	0.41406432748538013	0.3988345864661654	0.08273504273504273	0.11258687258687258	0.34843205574912894	0.30566037735849055	0.03161290322580645	0.2811284046692607	0.4903142857142857	0.023946360153256706	0.3538888888888889	0.4144140625	0.4464130434782609	0.1407446808510638	0.2125446428571429	0.155	0.10393939393939394	0.1337037037037037	0.22289473684210528	0.09642570281124499	0.1615126050420168	0.3003125	0.20040178571428569	0.09204166666666666	0.1304191616766467	0.15834042553191488	0.21164516129032257	0.16443223443223443	0.3181124497991968	0.06311203319502075	0.15574144486692015	0.12049586776859504	0.12099585062240664	0.06584362139917696	0.5389370078740158	0.169	0.4146747967479675	0.061829268292682926	0.19512295081967213	0.08853556485355649	0.3916871165644171	0.24902356902356904	0.21599999999999997	0.6177945619335348	0.6379597701149425	0.0	0.20980314960629923	0.43431972789115647	0.2499628252788104	0.23287313432835824	0.21559055118110235	0.28918032786885245	0.20329411764705882	0.0398443579766537	0.3314225941422594	0.35508532423208194	0.24757894736842104	0.6049382716049382	0.6256015037593985	0.1891891891891892	0.008522727272727272	0.3347107438016529	0.2376954732510288	0.20979310344827584	0.20521551724137932
sand_26562	0.48335463258785943	0.1731272727272727	0.1345273631840796	0.06805668016194333	0.14225589225589225	0.43478260869565216	0.02537444933920705	0.1676587301587302	0.45432432432432435	0.0576	0.18615384615384617	0.26682539682539685	0.3297014925373134	0.1489922480620155	0.10472727272727272	0.05520161290322581	0.012142857142857143	0.20842105263157895	0.11045454545454547	0.065	0.13194570135746606	0.44943999999999995	0.04982758620689655	0.29127659574468084	0.12721153846153846	0.2869897959183673	0.2434275618374558	0.3319736842105263	0.2995217391304348	0.020772532188841203	0.06440613026819923	0.2779695431472081	0.3368421052631579	0.024615384615384615	0.18330909090909092	0.3524390243902439	0.2140160642570281	0.12444976076555024	0.4554639175257732	0.02440677966101695	0.3334615384615385	0.5211836734693878	0.11506382978723403	0.5396540880503146	0.3704481792717087	0.20980314960629923	0.0	0.3715714285714286	0.30816666666666664	0.2277327935222672	0.3131363636363636	0.15950207468879665	0.25557522123893806	0.01473469387755102	0.1537603305785124	0.3792193308550186	0.4000408163265306	0.5780718954248366	0.32014492753623186	0.19593220338983053	0.008166666666666666	0.28193832599118945	0.14812765957446808	0.20356877323420075	0.10105263157894737
see_26914	0.6551381215469614	0.4192258064516129	0.0922340425531915	0.2222222222222222	0.3881155015197569	0.4209395973154363	0.07424561403508773	0.2916171617161716	0.6208376963350785	0.07863481228668942	0.2652054794520548	0.38954098360655737	0.6153770491803279	0.373728813559322	0.18782608695652173	0.1825	0.06020477815699658	0.14568965517241378	0.3125913621262459	0.1467013888888889	0.14568965517241378	0.49282051282051276	0.18330909090909092	0.114	0.3361383285302594	0.16882978723404254	0.34508875739644973	0.28639072847682123	0.37425605536332185	0.09554770318021202	0.27034129692832765	0.09426174496644295	0.16943060498220638	0.059594594594594597	0.35112499999999996	0.21446735395189	0.4418339100346021	0.12387900355871885	0.2286062717770035	0.12857142857142856	0.6435072463768116	0.5799672131147541	0.2924187725631769	0.9949127906976742	0.8709677419354839	0.43431972789115647	0.3715714285714286	0.0	0.40878378378378377	0.19321981424148607	0.20529605263157893	0.28359589041095895	0.2634013605442177	0.05263157894736842	0.3451056338028169	0.453780487804878	0.36116719242902207	0.8402586206896551	0.4626605504587156	0.38628571428571434	0.02194805194805195	0.30156996587030716	0.26372822299651566	0.494485049833887	0.2739259259259259
send_27203	0.8005263157894738	0.20374570446735393	0.14768181818181816	0.09541984732824428	0.24653333333333335	0.5775949367088608	0.025	0.17503676470588236	0.8252830188679244	0.037834645669291345	0.21904	0.21728571428571428	0.4103584229390681	0.15143369175627241	0.12252100840336133	0.06606741573033709	0.10439130434782609	0.18055555555555558	0.10965034965034964	0.19517391304347825	0.2001731601731602	0.5538461538461539	0.027718631178707227	0.1475438596491228	0.35030303030303034	0.3344075829383886	0.45122302158273375	0.5049350649350649	0.3824066390041494	0.018832684824902725	0.11162361623616236	0.22504464285714285	0.37592233009708736	0.05918032786885246	0.38820895522388055	0.42275229357798166	0.15557142857142858	0.2525592417061612	0.37470588235294117	0.018473282442748092	0.35345454545454547	0.2992733564013841	0.10887596899224807	0.5109677419354839	0.36835978835978833	0.2499628252788104	0.30816666666666664	0.40878378378378377	0.0	0.3247450980392157	0.3328151260504202	0.2301195219123506	0.4424778761061947	0.03488372093023256	0.19066147859922178	0.8001587301587301	0.7383050847457626	0.6838291139240507	0.4078321678321678	0.32266666666666666	0.012461538461538461	0.24765873015873016	0.15015625	0.2493286219081272	0.22013100436681224
shame_27442	0.5280307692307692	0.2127272727272727	0.19598086124401914	0.13979919678714858	0.28457044673539517	0.35392156862745094	0.06197424892703863	0.2018560606060606	0.8228888888888888	0.0594238683127572	0.17149606299212597	0.23357664233576642	0.28457044673539517	0.14840579710144927	0.07934426229508197	0.17604166666666665	0.12653153153153154	0.24004504504504506	0.1343321299638989	0.15450643776824033	0.28036866359447005	0.3538267148014441	0.06157894736842105	0.1560986547085202	0.33898305084745756	0.22171945701357465	0.4777941176470588	0.3953361344537815	0.19862068965517243	0.05422594142259414	0.10014814814814814	0.31242857142857144	0.2699065420560748	0.09120689655172415	0.412824427480916	0.38825688073394493	0.1372857142857143	0.2181132075471698	0.2807017543859649	0.02450980392156863	0.38145510835913315	0.2885365853658537	0.03025179856115108	0.48944117647058827	0.5105042016806722	0.23287313432835824	0.2277327935222672	0.19321981424148607	0.3247450980392157	0.0	0.4059911894273128	0.18133333333333332	0.3399570815450644	0.15471111111111113	0.13185606060606062	0.6625868725868727	0.47637795275590555	0.5828881987577641	0.3781818181818182	0.14148288973384032	0.05776371308016878	0.20980314960629923	0.14707509881422923	0.2073076923076923	0.11559670781893004
sing_27812	0.5202903225806452	0.1725	0.1458	0.07141700404858299	0.10214983713355048	0.28566801619433196	0.05302752293577982	0.17285714285714288	0.6182965299684543	0.07207207207207206	0.16676470588235293	0.2657707509881423	0.3367537313432836	0.0882720588235294	0.0995045045045045	0.11068085106382979	0.05542986425339366	0.16666666666666669	0.08501845018450183	0.11663677130044842	0.262512315270936	0.3984765625	0.06671052631578948	0.28973544973544973	0.22870748299319726	0.1899043062200957	0.30778181818181816	0.31277056277056275	0.22112033195020747	0.05542986425339366	0.09881422924901186	0.40913513513513516	0.2779695431472081	0.05811659192825112	0.3492490118577075	0.27705607476635513	0.1753515625	0.12385714285714286	0.3062200956937799	0.009146341463414634	0.3967213114754099	0.3953875968992248	0.07546938775510204	0.4193975903614458	0.3769187675070028	0.21559055118110235	0.3131363636363636	0.20529605263157893	0.3328151260504202	0.4059911894273128	0.0	0.10730158730158729	0.33142201834862384	0.11627906976744186	0.14208163265306123	0.6225101214574899	0.38882591093117413	0.5761889250814333	0.5166015625	0.0856201550387597	0.020772532188841203	0.27253275109170305	0.13651260504201682	0.2287218045112782	0.0916017316017316
sleep_28909	0.37003058103975534	0.24150943396226413	0.128128078817734	0.10928571428571429	0.21975352112676055	0.2777822580645161	0.019090909090909092	0.19120481927710845	0.34140804597701147	0.007903225806451612	0.3160091743119266	0.2970281124497992	0.37125	0.1279087452471483	0.30880208333333337	0.1059322033898305	0.1159903381642512	0.20742857142857143	0.08501845018450183	0.08842794759825327	0.1543119266055046	0.3193962264150943	0.09574660633484162	0.04142241379310344	0.18687707641196014	0.13940092165898618	0.263202846975089	0.17424	0.36160714285714285	0.029391304347826087	0.14266393442622952	0.14518518518518517	0.12347031963470317	0.022415254237288136	0.23970037453183524	0.22913636363636364	0.24101626016260164	0.15926470588235295	0.20220720720720725	0.06111607142857142	0.26204334365325077	0.18062717770034845	0.12982832618025753	0.39477611940298507	0.4159375	0.28918032786885245	0.15950207468879665	0.28359589041095895	0.2301195219123506	0.18133333333333332	0.10730158730158729	0.0	0.1902118644067797	0.01311740890688259	0.2692035398230088	0.28088652482269505	0.2933720930232558	0.4153086419753086	0.28825622775800713	0.3103153153153153	0.006983471074380165	0.27253275109170305	0.12099585062240664	0.16205776173285197	0.17226851851851852
snake_29468	0.5522875816993463	0.20910780669144985	0.23294117647058826	0.045511811023622055	0.20195804195804196	0.46735682819383256	0.02320175438596491	0.12496153846153846	0.5280307692307692	0.031153846153846153	0.1797872340425532	0.21718146718146716	0.3550566037735849	0.11878787878787879	0.10472727272727272	0.09281512605042015	0.04	0.18046948356807513	0.06391304347826088	0.18899999999999997	0.29944444444444446	0.5028979591836734	0.01306451612903226	0.2302051282051282	0.1875	0.3250520833333333	0.42241379310344823	0.4884507042253521	0.3441777777777778	0.029519650655021837	0.054696969696969695	0.38844086021505375	0.37935483870967746	0.04530973451327434	0.35063492063492063	0.4750515463917526	0.09191176470588236	0.23259067357512955	0.37656716417910446	0.003227091633466136	0.36480519480519485	0.2575182481751825	0.04287401574803149	0.5396540880503146	0.3342541436464089	0.20329411764705882	0.25557522123893806	0.2634013605442177	0.4424778761061947	0.3399570815450644	0.33142201834862384	0.1902118644067797	0.0	0.018148148148148146	0.17752100840336132	0.576	0.6030396475770925	0.5368064516129032	0.3281818181818182	0.2306926406926407	0.007012448132780084	0.20675105485232068	0.09365853658536587	0.1794871794871795	0.18633802816901407
spear_29766	0.1447112462006079	0.11102766798418973	0.008366336633663367	0.08480769230769232	0.14148288973384032	0.005142857142857143	0.22603896103896104	0.03614457831325301	0.27941176470588236	0.12551136363636364	0.01652892561983471	0.05596899224806202	0.04238754325259515	0.08134453781512604	0.009074074074074073	0.12690355329949238	0.15668674698795182	0.013136363636363635	0.1965116279069767	0.14135869565217393	0.04043269230769231	0.02703448275862069	0.128	0.021724137931034483	0.33662601626016264	0.0015859030837004407	0.15515151515151515	0.026932270916334666	0.009884169884169885	0.11190751445086704	0.13885714285714285	0.02519047619047619	4.329004329004329e-05	0.26256410256410256	0.19266666666666665	0.0014634146341463417	0.05869918699186992	0.0047169811320754715	0.001020408163265306	0.12622857142857144	0.15012987012987014	0.09669144981412639	0.0645754716981132	0.10631428571428572	0.22381502890173408	0.0398443579766537	0.01473469387755102	0.05263157894736842	0.03488372093023256	0.15471111111111113	0.11627906976744186	0.01311740890688259	0.018148148148148146	0.0	0.019917695473251028	0.09657142857142859	0.048	0.10944117647058822	0.09256227758007117	0.01306451612903226	0.2129113924050633	0.02781893004115226	0.08242990654205608	0.054082397003745314	0.013076923076923076
tail_31265	0.37003058103975534	0.3013229571984436	0.08763033175355449	0.12927350427350429	0.1567457627118644	0.34504166666666664	0.015493562231759657	0.2611297071129707	0.3132102272727273	0.031021276595744683	0.27282511210762334	0.30520161290322584	0.38022813688212925	0.11833962264150945	0.2545959595959596	0.0582258064516129	0.09132075471698115	0.17962616822429905	0.138996138996139	0.07214592274678112	0.11559999999999998	0.25142335766423357	0.16735576923076922	0.03336170212765958	0.14051612903225805	0.169811320754717	0.15976510067114094	0.12544401544401546	0.433594470046083	0.045714285714285714	0.2704	0.1282648401826484	0.08528634361233481	0.039301310043668124	0.21313653136531363	0.1334468085106383	0.329531914893617	0.06851351351351352	0.14004310344827586	0.06111607142857142	0.28890282131661443	0.19806338028169013	0.15200873362445413	0.49	0.44899425287356315	0.3314225941422594	0.1537603305785124	0.3451056338028169	0.19066147859922178	0.13185606060606062	0.14208163265306123	0.2692035398230088	0.17752100840336132	0.019917695473251028	0.0	0.29575	0.1959191176470588	0.496031746031746	0.38676579925650556	0.3103153153153153	0.006983471074380165	0.234017094017094	0.21066371681415927	0.19058823529411764	0.3551030927835051
ten_31562	1.0142724458204335	0.3131309904153355	0.27337500000000003	0.17687719298245613	0.402807570977918	0.5501454545454546	0.05138790035587189	0.2888737201365188	1.369113924050633	0.09761732851985559	0.2989530685920578	0.31592105263157894	0.6066216216216216	0.17971246006389777	0.17831460674157307	0.13686206896551723	0.1694941634241245	0.2724324324324325	0.19753246753246753	0.19884328358208958	0.35485943775100404	0.7150354609929077	0.09190812720848056	0.21390625	0.6935117056856187	0.3606530612244898	0.847	0.6177431906614786	0.48674157303370785	0.03291095890410958	0.16859531772575254	0.408375	0.4622222222222222	0.10720588235294118	0.7025818181818182	0.544238683127572	0.21233009708737863	0.3403361344537815	0.40960629921259845	0.036915254237288135	0.5830205278592375	0.44300970873786405	0.12656462585034015	0.8087106017191976	0.7047480106100795	0.35508532423208194	0.3792193308550186	0.453780487804878	0.8001587301587301	0.6625868725868727	0.6225101214574899	0.28088652482269505	0.576	0.09657142857142859	0.29575	0.0	0.8587786259541984	1.0049386503067486	0.6577181208053691	0.317841726618705	0.05673758865248227	0.3223214285714286	0.1624914675767918	0.3068370607028754	0.26394636015325673
three_31928	0.830506329113924	0.23364238410596022	0.23246636771300447	0.08170212765957446	0.25796178343949044	0.59536	0.0318560606060606	0.2427436823104693	1.0631428571428572	0.04297397769516729	0.265984555984556	0.26888888888888896	0.4387972508591066	0.24014285714285716	0.155	0.09832727272727272	0.07652173913043478	0.30283261802575107	0.1113907284768212	0.18720647773279353	0.3381659388646288	0.9886831275720165	0.039599999999999996	0.26118942731277534	0.48484848484848486	0.40347031963470315	0.5629787234042553	0.5583402489626557	0.41122529644268774	0.046755725190839696	0.0926027397260274	0.37301801801801804	0.44878504672897196	0.04345864661654135	0.42584229390681005	0.5575113122171945	0.194636678200692	0.24017543859649124	0.43478260869565216	0.015693950177935942	0.3878299120234604	0.4544055944055944	0.08574999999999999	0.7976899696048632	0.4893121693121693	0.24757894736842104	0.4000408163265306	0.36116719242902207	0.7383050847457626	0.47637795275590555	0.38882591093117413	0.2933720930232558	0.6030396475770925	0.048	0.1959191176470588	0.8587786259541984	0.0	0.7851242236024845	0.544425087108014	0.4065040650406504	0.016036363636363637	0.34650980392156866	0.15058823529411763	0.24735785953177256	0.2244262295081967
tongue_32199	1.1562942779291552	0.5361159420289855	0.30593220338983046	0.3076923076923077	0.49194520547945203	0.8338762214983714	0.07718100890207716	0.5216049382716049	1.3597831978319783	0.14939024390243902	0.4023529411764706	0.6128875379939209	0.9180674846625767	0.3711918604651162	0.24429022082018928	0.15735632183908044	0.12063829787234041	0.38368421052631574	0.35072463768115936	0.1994224924012158	0.3131309904153355	0.792870090634441	0.20947040498442365	0.30415841584158415	0.5179892761394103	0.35578947368421054	0.6069943820224719	0.6282051282051282	0.5580126182965299	0.14271604938271604	0.28164222873900296	0.4328474576271186	0.41625	0.09612426035502958	0.6014411764705883	0.569023569023569	0.5042727272727273	0.3691467576791809	0.5309698996655519	0.08501457725947523	0.9225068119891007	0.8502743902439025	0.23047619047619047	1.468935574229692	1.4116666666666668	0.6049382716049382	0.5780718954248366	0.8402586206896551	0.6838291139240507	0.5828881987577641	0.5761889250814333	0.4153086419753086	0.5368064516129032	0.10944117647058822	0.496031746031746	1.0049386503067486	0.7851242236024845	0.0	0.976859756097561	0.46658307210031347	0.05054441260744985	0.5382165605095541	0.29521084337349396	0.6597590361445783	0.32695512820512823
tooth_32424	0.8525671641791044	0.4452861952861953	0.18892857142857145	0.15020689655172415	0.2961027190332326	0.4293031358885018	0.05734767025089606	0.35919014084507045	0.828356940509915	0.09761732851985559	0.373134328358209	0.5210320284697508	0.6639518900343643	0.23844884488448845	0.25	0.17314487632508835	0.13688212927756654	0.2877821011673152	0.28789115646258506	0.16383211678832119	0.3036862745098039	0.6422222222222221	0.21061538461538462	0.22740157480314963	0.29827485380116964	0.2262977099236641	0.3351063829787234	0.3451056338028169	0.39046931407942237	0.10840148698884759	0.2674558303886926	0.2767058823529412	0.20109433962264153	0.11162361623616236	0.5619860627177701	0.27191176470588235	0.44161290322580643	0.16064638783269963	0.3372519083969465	0.03931972789115646	0.5440289855072464	0.5497986577181208	0.21327338129496404	0.8700290697674419	0.7698382749326146	0.6256015037593985	0.32014492753623186	0.4626605504587156	0.4078321678321678	0.3781818181818182	0.5166015625	0.28825622775800713	0.3281818181818182	0.09256227758007117	0.38676579925650556	0.6577181208053691	0.544425087108014	0.976859756097561	0.0	0.25174216027874563	0.028703071672354946	0.48736641221374044	0.2608303249097473	0.43757575757575756	0.18465201465201467
tree_32867	0.3928923076923077	0.20132352941176468	0.14507462686567163	0.07869918699186992	0.2127272727272727	0.32596707818930043	0.03484444444444444	0.1100377358490566	0.3934502923976608	0.014795081967213115	0.18457627118644065	0.21551724137931033	0.3191512915129151	0.18818181818181817	0.19883495145631067	0.05476	0.10028436018957347	0.17879069767441863	0.08859778597785978	0.12653153153153154	0.10530701754385965	0.3604980842911878	0.07405286343612334	0.06389380530973451	0.2094295302013423	0.24955445544554455	0.2839068100358423	0.254560669456067	0.3998190045248869	0.022606837606837606	0.22344827586206897	0.12235294117647058	0.17635071090047394	0.016666666666666666	0.21235294117647058	0.2134977578475336	0.19291338582677167	0.18512437810945276	0.18777777777777774	0.03879310344827586	0.27440993788819873	0.2418705035971223	0.14562770562770563	0.4098502994011976	0.34651933701657456	0.1891891891891892	0.19593220338983053	0.38628571428571434	0.32266666666666666	0.14148288973384032	0.0856201550387597	0.3103153153153153	0.2306926406926407	0.01306451612903226	0.3103153153153153	0.317841726618705	0.4065040650406504	0.46658307210031347	0.25174216027874563	0.0	0.006954732510288065	0.12395256916996047	0.11559670781893004	0.13583038869257952	0.3042
two_33128	0.08385074626865671	0.023062730627306273	0.006237113402061856	0.08	0.14173228346456693	0.00962406015037594	0.20439189189189189	0.03012396694214876	0.17397590361445783	0.15337423312883436	0.00949367088607595	0.018333333333333333	0.019862068965517243	0.061709401709401715	0.01097560975609756	0.08576530612244898	0.08544378698224853	0.002922374429223744	0.17142857142857143	0.05671875	0.02140776699029126	0.01856140350877193	0.04787234042553192	0.020618556701030924	0.22321428571428573	4.5045045045045046e-05	0.12938461538461538	0.030375	0.0031640625	0.05851428571428571	0.07476635514018691	0.010817307692307692	0.0016666666666666666	0.17113924050632912	0.09642570281124499	0.0010548523206751054	0.00992248062015504	0.0039901477832512315	0.0015384615384615385	0.14730061349693252	0.12200000000000001	0.025759717314487632	0.029205607476635517	0.08071839080459771	0.1966081871345029	0.008522727272727272	0.008166666666666666	0.02194805194805195	0.012461538461538461	0.05776371308016878	0.020772532188841203	0.006983471074380165	0.007012448132780084	0.2129113924050633	0.006983471074380165	0.05673758865248227	0.016036363636363637	0.05054441260744985	0.028703071672354946	0.006954732510288065	0.0	0.0	0.021607142857142856	0.06972332015810277	0.0045871559633027525
two_33356	0.4225	0.2662641509433962	0.06945205479452055	0.07775100401606426	0.14471760797342192	0.3135222672064777	0.00933609958506224	0.42875	0.4059475218658892	0.02816666666666667	0.2929017857142857	0.3698770491803278	0.4605038759689922	0.10327205882352943	0.1755188679245283	0.0748582995951417	0.0419650655021834	0.2333333333333333	0.0837818181818182	0.09120689655172415	0.14	0.4016988416988417	0.07703056768558952	0.12041666666666666	0.15308681672025723	0.18633802816901407	0.19579661016949154	0.1896812749003984	0.36480176211453746	0.05115044247787611	0.1016015625	0.1932075471698113	0.15502304147465437	0.04432900432900433	0.2499628252788104	0.23246636771300447	0.26670731707317075	0.13819905213270142	0.3004694835680751	0.03563559322033898	0.35111464968152867	0.36241509433962266	0.1493991416309013	0.5411180124223602	0.4192676056338028	0.3347107438016529	0.28193832599118945	0.30156996587030716	0.24765873015873016	0.20980314960629923	0.27253275109170305	0.27253275109170305	0.20675105485232068	0.02781893004115226	0.234017094017094	0.3223214285714286	0.34650980392156866	0.5382165605095541	0.48736641221374044	0.12395256916996047	0.0	0.0	0.1506276150627615	0.16514285714285712	0.10822510822510821
walk_34527	0.2645508982035928	0.21551724137931033	0.03893518518518519	0.0780168776371308	0.16705263157894737	0.17603921568627454	0.05185714285714286	0.13924	0.2808309455587392	0.0495	0.12763713080168776	0.2173015873015873	0.2077697841726619	0.10845559845559846	0.0988785046728972	0.07901709401709402	0.061421800947867304	0.07840000000000001	0.12841897233201582	0.09662100456621005	0.07840000000000001	0.17625899280575538	0.09981132075471699	0.037377777777777774	0.1088673139158576	0.07572072072072072	0.11642140468227424	0.05992509363295881	0.1525	0.09536945812807883	0.264954128440367	0.07174887892376682	0.04755458515283843	0.03269058295964125	0.19488721804511278	0.0735	0.18796747967479674	0.035	0.09931034482758622	0.07547169811320754	0.28320512820512816	0.22367647058823528	0.1643835616438356	0.3812765957446808	0.2938781163434903	0.2376954732510288	0.14812765957446808	0.26372822299651566	0.15015625	0.14707509881422923	0.13651260504201682	0.12099585062240664	0.09365853658536587	0.08242990654205608	0.21066371681415927	0.1624914675767918	0.15058823529411763	0.29521084337349396	0.2608303249097473	0.11559670781893004	0.021607142857142856	0.1506276150627615	0.0	0.10803571428571429	0.1601904761904762
water_35122	0.42737288135593227	0.25399328859060405	0.098	0.16003787878787878	0.2859546925566343	0.3433941605839416	0.04480620155038761	0.2792988929889299	0.46887978142076503	0.12246963562753037	0.16937728937728938	0.3722992700729927	0.508833922261484	0.2343214285714286	0.09652509652509651	0.12552238805970148	0.049846153846153846	0.09815094339622642	0.2636861313868613	0.07170370370370371	0.16832669322709162	0.3367003367003367	0.1249402390438247	0.1902118644067797	0.288	0.11770428015564201	0.2555205047318612	0.24540145985401463	0.24720588235294116	0.0625	0.1626449275362319	0.15939759036144577	0.14342629482071714	0.055325670498084296	0.2457142857142857	0.1700378787878788	0.2742391304347826	0.08696850393700788	0.2147450980392157	0.09106719367588932	0.5296604938271605	0.33444816053511706	0.12940520446096657	0.5993063583815029	0.5526756756756757	0.20979310344827584	0.20356877323420075	0.494485049833887	0.2493286219081272	0.2073076923076923	0.2287218045112782	0.16205776173285197	0.1794871794871795	0.054082397003745314	0.19058823529411764	0.3068370607028754	0.24735785953177256	0.6597590361445783	0.43757575757575756	0.13583038869257952	0.06972332015810277	0.16514285714285712	0.10803571428571429	0.0	0.1108745247148289
woman_35913	0.2661635220125786	0.16125984251968503	0.08090425531914894	0.12327014218009479	0.2090076335877863	0.19593220338983053	0.03125	0.08636734693877551	0.2629761904761905	0.011689497716894976	0.22446601941747574	0.2058823529411765	0.26472440944881886	0.11655601659751037	0.14862433862433863	0.05811659192825112	0.08941489361702129	0.07655502392344497	0.10330578512396695	0.061421800947867304	0.08521739130434783	0.22740157480314963	0.10384615384615385	0.013196347031963469	0.14371929824561402	0.1945945945945946	0.1995880149812734	0.12408510638297873	0.24111627906976743	0.033300492610837444	0.2147846889952153	0.07804878048780488	0.09199004975124378	0.006545454545454545	0.20903225806451617	0.15695652173913044	0.12551867219917012	0.10189473684210526	0.08442922374429224	0.04411764705882353	0.1851282051282051	0.09256227758007117	0.11325471698113208	0.37028571428571433	0.2390960451977401	0.20521551724137932	0.10105263157894737	0.2739259259259259	0.22013100436681224	0.11559670781893004	0.0916017316017316	0.17226851851851852	0.18633802816901407	0.013076923076923076	0.3551030927835051	0.26394636015325673	0.2244262295081967	0.32695512820512823	0.18465201465201467	0.3042	0.0045871559633027525	0.10822510822510821	0.1601904761904762	0.1108745247148289	0.0
