	ABSMissong1	AGAMissong2	AOMNgun2	APBMumfu1	BAAMashi4	BKBMashi2	BNMKung2	CENMundabli2	DNMMumfu2	DPNFang13	ECLAbar8	ENBBiya1	FBCBiya8	ICNBiya2	JGYKoshin3	KBMNgun4	KCSKung3	KCYBuu2	KDCAjumbu10	KDVFang1	KEMBuu1	KFKMashi1	KHKFang12	KJSFang2	KMNAjumbu2	LFNMundabli1	MCANgun3	MEAMumfu3	MNJBuu4	MRYKoshin2	NACAbar2	NCCMumfu4	NCMMashi5	NDNMissong5	NEAMunken1	NEMAjumbu9	NFKBiya7	NGTMunken3	NINMundabli4	NJNBiya6	NJSKung4	NMAAbar1	NMNMundabli3	NMSMissong4	NNBBuu3	NSFBiya5	NUNMunken4	NVBAbar7	NVIAjumbu1	TELKoshin4	TNTMunken2	WCANgun1	ZKGKung1
a	151	158	141	131	145	176	86	131	161	78	132	121	122	139	114	118	71	96	177	70	64	182	56	48	107	119	133	169	69	86	152	160	179	171	200	167	104	169	99	113	67	160	119	177	65	168	182	146	124	121	192	137	89
aː	18	15	41	43	32	19	15	17	29	18	12	23	27	34	5	16	6	25	25	12	29	13	14	10	38	33	6	35	45	6	21	43	37	12	22	31	34	3	13	13	8	13	11	27	41	13	4	6	21	7	29	30	6
b	52	63	59	45	73	76	54	83	50	96	60	56	55	65	72	118	58	53	57	59	57	71	73	60	53	53	114	89	106	72	60	92	74	101	74	31	59	115	61	90	57	68	76	83	96	102	91	56	55	66	73	67	53
bʷ	1	0	1	1	11	0	2	4	0	2	14	6	7	1	4	10	3	0	7	0	0	1	4	0	0	1	10	2	0	1	0	2	7	9	0	7	6	4	1	9	2	0	4	7	3	13	4	14	0	3	0	1	2
d	21	15	20	33	84	57	15	48	21	16	14	26	30	35	21	14	37	41	13	38	39	58	20	36	23	45	15	9	20	30	39	9	89	13	25	13	28	14	44	24	34	27	50	18	19	16	13	13	26	14	19	20	12
dzʷ	0	0	0	0	2	0	0	0	0	0	0	0	0	0	0	0	0	0	0	0	0	0	0	0	0	0	0	0	0	0	0	0	0	0	0	0	0	0	0	0	0	0	2	0	0	0	0	0	0	0	0	0	0
dʒ	14	14	14	12	21	9	1	11	13	12	57	17	11	15	26	9	2	19	7	8	20	11	14	8	14	17	12	13	36	29	12	13	18	50	12	4	12	22	12	13	2	11	11	49	41	13	21	43	15	30	10	12	2
dʒʷ	0	0	0	0	0	0	0	2	0	2	0	0	0	0	0	0	0	0	17	0	0	0	2	0	0	0	0	0	0	0	0	0	0	0	0	2	0	0	0	0	0	0	2	0	0	0	0	0	0	0	0	1	0
dʷ	0	0	0	0	0	0	0	0	0	0	0	0	0	0	4	0	0	0	0	0	0	0	2	0	0	0	0	0	0	0	0	0	0	0	0	0	0	0	0	0	0	0	0	0	0	0	0	0	0	0	0	0	0
e	14	10	8	10	10	25	16	18	16	12	28	11	10	9	18	6	38	19	2	16	13	27	22	23	7	43	13	30	23	8	15	25	13	22	10	5	14	7	43	13	31	73	33	16	31	6	70	39	3	21	9	9	20
eː	5	4	0	2	13	6	2	15	2	7	11	4	5	3	9	0	2	9	5	1	10	7	9	4	2	9	1	9	45	5	3	25	9	3	2	2	6	1	6	0	3	0	9	15	19	1	1	7	3	7	1	2	4
f	67	54	65	33	67	55	62	43	27	48	25	72	57	61	65	44	64	47	57	76	52	50	43	63	96	29	46	45	61	57	20	45	83	42	31	57	56	29	27	40	59	25	41	31	71	54	27	34	84	70	33	71	68
fʲ	0	0	0	0	2	0	0	0	0	3	0	0	6	0	2	1	2	0	8	0	0	0	5	0	0	0	3	6	0	0	0	8	2	3	0	9	5	0	0	1	0	0	2	3	0	1	0	0	0	2	0	0	0
fʷ	0	0	0	0	15	0	0	0	0	0	3	0	8	0	2	6	2	0	7	0	0	0	0	0	2	0	3	0	0	3	0	0	7	0	0	7	9	0	0	7	3	0	2	1	0	7	0	1	3	0	0	0	1
g	6	7	9	36	11	20	12	20	40	31	10	10	12	9	14	0	8	18	15	34	18	25	29	29	32	28	3	48	18	18	4	43	17	6	11	23	10	12	25	6	8	7	24	6	19	6	7	6	35	14	13	4	11
gb	8	7	9	16	8	9	5	15	17	7	6	11	11	3	9	7	3	15	12	16	18	8	9	9	9	18	10	19	8	20	16	17	9	7	9	9	9	9	16	6	5	13	13	13	8	6	10	7	8	7	9	11	3
gʷ	0	0	0	1	2	0	0	4	0	5	0	0	0	0	0	0	0	0	20	0	0	0	5	1	2	0	0	0	0	0	0	0	0	0	0	20	0	0	0	0	0	0	6	0	0	0	0	0	0	0	0	0	0
h	36	38	48	2	0	0	0	0	3	0	75	21	19	17	0	24	0	1	0	3	0	0	0	0	0	0	25	0	2	1	45	0	0	60	31	0	9	25	16	22	2	36	0	58	2	31	31	60	0	0	7	44	1
i	199	85	49	15	55	71	52	61	23	31	75	83	40	50	42	92	43	24	28	22	27	67	20	24	24	32	110	19	36	20	93	17	41	99	55	29	53	94	38	98	19	87	91	61	47	115	64	86	24	58	92	69	26
iː	8	10	3	12	17	4	5	7	6	5	14	4	5	4	23	13	0	12	0	3	8	3	5	8	2	10	9	9	12	8	8	9	17	10	3	2	2	4	9	7	2	10	4	13	8	1	0	6	1	10	4	6	4
j	36	37	36	85	11	37	22	59	90	33	24	35	25	36	12	21	46	51	10	48	56	39	36	41	45	62	24	54	45	44	34	55	13	20	35	13	25	25	69	28	37	37	71	22	41	31	22	21	45	19	39	36	31
k	126	115	119	113	46	79	177	41	112	87	112	159	127	132	91	84	121	163	128	115	161	81	88	113	157	78	87	84	106	159	124	83	48	102	62	115	127	56	75	120	124	134	32	98	99	121	64	113	143	91	60	121	161
kp	14	24	18	21	8	14	3	26	23	12	11	13	12	21	12	18	2	9	17	20	12	15	11	12	15	24	21	24	20	16	8	28	7	16	16	20	13	13	21	18	0	7	28	16	18	19	16	13	15	12	18	13	4
kpʳʷ	0	0	0	0	0	0	0	0	0	0	0	0	0	0	0	0	0	0	2	0	0	0	0	0	0	0	0	0	0	0	0	0	0	0	0	2	0	0	0	0	0	0	0	0	0	0	0	0	0	0	0	0	0
kpʷ	0	0	0	0	0	0	0	0	0	0	0	0	0	1	0	0	0	0	0	0	0	0	0	0	0	0	0	0	0	0	0	0	0	0	0	0	0	0	0	0	0	0	0	0	0	0	0	0	0	0	0	0	0
kx	0	0	1	0	0	1	5	0	0	8	6	6	0	1	0	0	3	4	0	9	3	2	7	10	1	0	0	0	0	7	1	0	0	0	2	2	0	0	1	4	3	0	0	0	3	0	0	1	1	2	0	0	6
kʰ	0	0	0	0	0	0	0	0	0	0	0	0	0	0	0	0	0	0	0	0	0	0	0	0	0	0	0	0	0	1	0	0	0	0	0	0	0	0	0	0	0	0	0	0	0	0	0	0	0	0	0	0	0
kʲ	0	0	0	1	0	0	0	2	0	2	0	0	0	0	5	0	3	0	18	0	0	0	2	0	0	0	0	9	0	0	0	9	0	0	0	23	0	6	0	0	0	0	2	1	0	0	3	0	0	5	0	0	0
kʷ	1	0	2	0	10	0	0	9	2	15	11	1	16	3	9	48	6	0	13	0	0	0	11	0	2	4	43	0	7	2	1	0	4	4	0	13	12	10	2	9	5	1	7	7	6	9	7	6	0	7	1	1	1
l	40	40	21	38	27	23	35	13	38	73	26	18	29	30	18	13	26	26	28	61	23	27	75	67	32	24	10	32	31	33	22	26	18	29	42	32	34	27	23	16	28	25	13	28	32	6	22	21	24	21	39	23	42
m	85	89	91	117	101	112	81	115	124	92	68	101	93	103	72	71	131	86	45	91	94	105	116	97	58	114	79	111	91	102	98	126	100	73	90	48	92	58	124	73	127	95	130	82	84	63	69	80	87	70	90	78	65
mʷ	0	0	0	0	4	0	0	2	0	0	3	0	0	0	0	1	3	0	5	0	0	0	0	0	0	0	1	4	2	0	0	0	0	4	0	4	1	7	0	0	0	0	7	4	2	0	9	0	0	0	0	0	0
n	104	88	96	136	113	125	39	137	122	101	101	100	99	114	104	111	60	139	115	107	144	124	93	124	71	134	105	108	137	83	103	109	96	66	97	93	106	127	129	107	59	99	147	73	127	107	121	114	91	96	113	105	49
nʷ	0	0	0	0	0	0	0	0	0	0	0	0	0	0	0	0	0	0	2	0	0	0	0	0	0	0	0	0	0	0	0	0	0	0	0	0	0	0	0	0	0	0	2	0	0	0	0	0	0	0	0	0	0
o	24	34	36	35	25	31	35	54	45	48	61	18	18	18	9	72	31	35	78	16	29	35	11	28	27	46	74	76	33	17	80	60	28	91	13	68	17	38	42	24	32	70	58	99	19	29	31	81	24	21	9	19	25
oː	9	4	5	8	32	3	12	4	13	13	6	4	6	4	4	9	5	13	3	2	18	4	4	2	12	4	4	19	35	1	9	13	44	7	0	14	9	6	8	1	5	4	26	12	34	10	7	4	6	7	2	2	7
p	1	1	3	1	8	9	8	0	5	0	3	1	1	4	0	0	2	9	0	1	11	9	0	1	2	1	3	0	8	1	1	4	4	3	1	0	1	3	1	0	5	1	0	3	8	4	4	3	1	0	2	2	3
q	0	0	0	6	0	0	0	0	0	0	0	0	0	0	0	0	0	0	0	0	0	0	0	0	0	0	0	0	0	0	0	0	0	0	0	0	0	0	0	0	0	0	0	0	0	0	0	0	0	0	0	0	0
r	1	0	1	2	2	5	0	2	3	0	0	2	0	1	0	0	0	1	0	0	1	5	0	2	2	1	0	0	0	3	1	0	6	0	1	0	1	0	0	0	0	0	0	0	0	0	3	0	0	0	3	3	1
s	23	26	18	19	19	25	52	28	22	30	11	30	36	34	12	9	57	51	38	49	52	25	30	49	40	37	10	11	25	11	20	9	20	15	27	36	41	10	38	13	63	15	30	15	29	10	9	14	43	14	47	24	51
sʷ	0	0	0	0	0	0	0	2	0	0	0	0	0	0	0	0	0	0	0	0	0	0	0	0	0	0	0	0	0	0	0	0	0	0	0	0	0	0	0	0	0	0	0	0	0	0	0	0	0	0	0	0	0
t	29	31	45	43	57	65	44	41	42	51	47	41	44	54	55	47	54	55	35	41	52	63	61	57	30	51	58	54	59	41	46	45	61	41	31	38	48	48	44	52	53	53	39	45	68	60	43	50	31	44	33	51	47
ts	19	15	12	28	63	30	27	39	24	25	6	8	5	4	33	6	14	17	10	17	17	31	25	16	17	49	3	6	12	21	11	9	65	9	11	9	7	3	39	1	12	15	41	9	8	3	7	6	18	40	11	9	26
tsʷ	0	0	0	0	0	0	0	2	0	0	0	0	0	0	0	0	0	0	0	0	0	0	0	0	0	0	0	0	0	0	0	0	0	0	0	0	0	0	0	0	0	0	2	0	0	0	0	0	0	0	0	0	1
tsː	0	0	0	0	0	0	2	0	0	0	0	0	0	0	0	0	0	0	0	0	0	0	0	0	0	0	0	0	0	0	0	0	0	0	0	0	0	0	0	0	0	0	0	0	0	0	0	0	0	0	0	0	0
tʃ	24	20	13	21	8	17	2	24	18	8	4	14	15	16	4	1	11	13	3	18	14	20	9	19	10	19	3	15	13	16	22	15	7	12	15	5	14	3	28	4	3	18	20	12	11	1	3	4	9	9	14	19	2
tʃʷ	1	0	0	0	2	0	0	0	0	0	0	0	0	0	0	0	0	0	2	0	0	0	2	0	0	0	0	2	0	0	0	2	2	0	0	0	0	0	0	0	0	0	2	0	0	0	0	0	0	0	0	0	0
tʰ	0	0	0	0	0	1	0	0	0	0	0	0	0	0	0	0	0	0	0	0	0	0	0	0	0	0	0	0	0	1	0	0	0	0	0	0	0	0	0	0	0	0	0	0	0	0	0	0	0	0	0	0	1
tʲ	0	0	0	0	2	0	0	0	0	2	0	0	3	0	14	0	2	0	0	0	0	0	0	0	0	0	0	0	2	0	0	2	0	0	0	0	3	0	0	1	9	0	0	0	2	0	0	1	0	17	0	0	0
tʷ	0	0	0	0	0	0	0	2	0	2	0	1	1	0	0	0	0	0	2	0	0	1	0	0	1	0	0	0	0	2	2	0	2	0	0	0	0	0	0	0	0	1	6	0	0	0	0	0	0	0	0	0	0
tˢ	0	0	0	0	0	0	0	0	0	0	0	0	0	0	0	0	0	0	0	0	0	0	2	0	0	0	0	0	0	0	0	0	0	0	0	0	0	0	0	0	0	0	0	0	0	0	0	0	0	0	0	0	0
u	38	21	25	16	50	19	28	24	7	43	8	15	12	48	33	20	25	13	20	34	17	19	41	44	36	29	18	7	12	20	12	6	15	13	20	25	12	12	42	10	22	38	19	6	31	22	16	6	15	45	14	24	36
uʱ	0	1	1	1	0	0	0	2	1	0	0	1	1	2	2	0	0	0	5	1	0	0	0	1	13	0	0	0	0	2	1	0	0	0	0	4	1	0	2	0	0	0	0	0	3	0	0	0	6	0	0	1	1
uː	5	5	3	2	15	1	2	4	1	0	3	3	2	3	2	0	5	0	0	0	2	0	2	1	9	2	1	0	2	2	5	2	0	1	1	4	3	1	3	0	5	2	4	7	5	1	1	0	1	12	2	5	4
uːʱ	0	0	1	0	0	0	0	0	0	0	0	0	0	0	0	0	0	0	0	0	0	0	0	0	0	0	0	0	0	0	0	0	0	0	0	0	0	0	0	0	0	0	0	0	0	0	0	0	0	0	0	0	0
v	0	0	1	0	0	0	2	0	0	5	0	0	0	0	0	0	3	0	7	4	0	0	5	4	11	0	0	0	0	0	0	0	0	0	0	14	0	0	0	0	3	0	0	0	0	0	0	0	10	0	0	0	4
vʷ	0	0	0	0	0	0	0	0	0	0	0	0	0	0	0	0	0	0	3	0	0	0	0	0	2	0	0	0	0	0	0	0	0	0	0	2	0	0	0	0	0	0	0	0	0	0	0	0	0	0	0	0	0
w	29	35	47	45	8	61	46	15	44	16	15	36	12	37	26	27	23	30	7	48	35	63	18	43	53	73	19	28	15	59	35	23	11	18	48	9	16	27	60	28	23	38	13	16	8	20	27	16	60	21	35	46	64
z	14	15	16	22	73	39	26	39	25	13	11	13	14	17	16	17	40	13	30	14	14	42	11	16	25	32	10	15	12	14	17	15	76	19	17	29	13	17	29	13	40	15	39	18	11	13	18	10	30	19	19	15	32
zː	0	0	0	0	0	0	1	0	0	0	0	0	0	0	0	0	0	0	0	0	0	0	0	0	0	0	0	0	0	0	0	0	0	0	0	0	0	0	0	0	0	0	0	0	0	0	0	0	0	0	0	0	0
²¹	0	0	0	0	0	0	0	0	0	0	0	0	0	0	0	0	0	0	0	0	0	0	0	0	0	0	0	0	0	0	0	0	0	0	0	0	0	0	0	0	0	0	0	0	0	0	0	0	0	0	0	1	0
³	59	69	60	126	132	86	46	85	96	89	54	51	55	71	49	38	46	41	30	102	35	83	75	103	46	161	61	93	53	106	48	47	83	50	50	25	55	42	145	65	34	41	91	47	52	38	57	39	54	65	45	50	41
³¹	0	0	0	1	0	0	0	0	0	0	0	0	0	0	0	0	0	0	0	0	0	0	0	0	0	0	0	0	0	0	0	0	0	0	0	0	0	0	0	0	0	0	0	0	0	0	0	0	0	0	0	1	0
³⁵	0	0	0	0	0	0	0	0	0	0	0	0	0	0	0	0	0	0	0	0	0	0	0	0	0	0	0	0	0	0	1	0	0	0	0	0	0	0	0	0	0	0	0	0	0	0	0	0	0	0	0	0	0
¹	358	276	377	200	203	186	272	238	220	267	355	249	350	230	274	407	346	224	329	275	232	189	274	256	302	244	430	193	266	246	354	209	215	368	328	346	343	361	224	370	326	282	223	321	263	401	350	345	266	282	439	291	236
¹³	1	3	1	2	6	1	0	2	1	2	0	1	1	2	0	0	0	2	0	1	3	1	2	6	0	2	0	2	0	0	1	2	6	0	0	0	1	0	2	0	0	2	0	0	2	0	0	0	1	0	0	0	1
¹⁵	43	41	18	31	61	58	14	67	52	49	24	21	26	29	26	31	15	18	10	25	23	45	52	24	25	47	18	67	46	28	16	68	87	37	14	9	27	14	45	28	23	43	67	31	49	25	21	16	15	12	20	32	20
ã	0	0	0	1	0	0	0	2	0	0	0	6	1	2	7	0	0	0	0	1	0	0	0	1	0	1	0	0	2	10	1	0	0	0	0	0	1	0	0	3	0	0	0	0	2	0	0	0	0	5	0	0	0
ãː	0	0	0	0	0	0	0	0	0	0	0	1	0	0	2	0	0	1	0	0	1	0	0	0	0	0	0	0	0	2	0	0	0	0	0	0	0	0	0	0	0	0	0	0	0	0	0	0	0	0	0	0	1
æ	0	0	0	0	0	0	0	0	0	0	0	0	1	0	0	0	2	0	0	0	0	0	0	0	0	0	0	0	0	10	0	0	0	0	0	0	5	0	0	16	0	0	0	0	0	0	0	0	0	0	0	0	1
æː	0	0	0	0	0	0	0	0	0	0	0	0	0	0	0	0	0	1	0	0	0	0	0	0	0	0	0	0	0	0	0	0	0	0	0	0	1	0	0	0	0	0	0	0	0	0	0	0	0	0	0	0	0
æ̃	0	0	0	0	0	0	0	0	0	0	0	0	1	0	0	0	0	0	0	0	0	0	0	0	0	0	0	0	0	1	0	0	0	0	0	0	0	0	0	0	0	0	0	0	0	0	0	0	0	0	0	0	0
õ	0	0	1	0	0	0	0	0	0	0	1	0	0	0	0	0	0	0	0	2	0	0	0	1	0	0	0	0	0	5	6	0	0	0	0	0	0	0	0	0	0	5	0	0	0	0	0	0	0	2	0	0	0
õː	0	0	0	0	0	0	0	0	0	0	0	0	0	1	2	0	0	2	0	0	3	0	0	0	0	0	0	0	0	2	0	0	0	0	0	0	0	0	0	0	0	0	0	0	0	0	0	0	0	0	0	0	0
ø	0	0	6	2	0	0	0	2	0	7	0	0	1	0	9	1	6	0	5	0	1	0	2	3	0	4	1	0	0	6	0	0	0	0	0	0	0	0	2	1	0	0	0	1	0	0	0	0	1	10	1	17	3
øː	0	1	0	1	0	0	0	0	1	0	0	0	0	0	0	0	0	0	0	0	0	0	4	0	0	0	0	0	0	0	0	0	0	0	0	0	0	0	0	0	0	0	0	0	0	0	0	0	0	0	0	1	1
ĩ	0	0	0	0	0	0	0	0	0	0	0	0	1	0	11	0	0	0	0	0	1	0	0	0	0	0	0	0	0	5	1	0	0	0	0	0	0	0	0	0	0	0	0	0	0	0	0	0	0	5	0	0	0
ĩː	0	0	0	0	0	0	0	0	0	0	0	0	0	0	2	0	0	0	0	0	0	0	0	0	0	0	0	0	0	0	0	0	0	0	0	0	0	0	0	0	0	0	0	0	0	0	0	0	0	0	0	0	0
ŋ	81	83	82	145	67	90	75	107	124	61	64	80	76	68	74	47	58	92	50	112	81	91	54	92	112	142	46	137	76	91	83	125	68	45	83	63	82	53	128	49	56	92	106	42	57	48	57	80	111	79	76	67	68
ŋm	0	1	0	2	0	1	1	0	1	15	0	0	5	3	0	1	0	1	0	13	0	2	18	12	2	6	3	0	0	2	1	0	2	0	0	0	3	0	5	0	0	1	0	0	0	1	0	0	1	2	1	1	1
ŋmʷ	0	0	0	0	0	0	0	0	0	0	0	0	0	0	0	0	0	0	0	0	0	0	0	0	0	0	0	0	0	0	0	0	0	0	0	0	0	0	0	1	0	0	0	0	0	0	0	0	0	0	0	0	0
ŋʷ	0	0	0	0	2	0	0	4	0	0	0	0	0	0	0	0	0	0	13	0	0	0	0	0	0	0	0	0	2	0	0	0	4	0	0	7	0	0	0	0	2	0	0	1	3	0	0	1	0	0	0	0	0
ŋˤ	0	0	0	0	0	0	0	0	7	0	0	0	0	0	0	0	0	0	0	0	0	0	0	0	0	0	0	0	0	0	0	0	0	0	0	0	0	0	0	0	0	0	0	0	0	0	0	0	0	0	0	0	0
œ	1	1	1	1	0	1	1	4	0	0	0	0	0	0	0	0	0	0	0	1	0	0	0	1	0	15	0	0	0	0	0	0	0	0	1	0	0	0	16	0	0	0	9	0	0	0	0	0	0	0	1	4	4
œː	0	0	0	0	0	0	2	2	0	0	0	0	0	0	0	0	0	0	0	0	0	0	0	0	0	4	0	0	0	0	0	0	0	0	0	0	0	0	0	0	0	0	2	0	0	0	0	0	0	0	0	0	1
œ̃	0	0	0	0	0	0	0	0	0	0	0	0	1	0	0	0	0	0	0	0	0	0	0	0	0	0	0	0	0	0	0	0	0	0	0	0	0	0	0	0	0	0	0	0	0	0	0	0	0	0	0	0	0
ũ	0	0	0	0	0	0	0	0	0	0	0	0	1	0	7	0	0	1	0	0	0	0	0	0	0	0	0	0	0	6	0	0	0	0	0	0	1	0	0	0	0	0	0	0	0	0	0	0	0	7	0	0	0
ũʱ	0	0	0	0	0	0	0	0	0	0	0	0	0	0	0	0	0	0	0	0	0	0	0	0	0	0	0	0	0	1	0	0	0	0	0	0	0	0	0	0	0	0	0	0	0	0	0	0	0	0	0	0	0
ũː	0	0	0	0	0	0	0	0	0	0	0	0	0	0	2	0	0	0	0	0	0	0	0	0	0	0	0	0	0	0	0	0	0	0	0	0	1	0	0	0	0	0	0	0	0	0	0	0	0	2	0	0	0
ɑ	0	0	0	0	2	0	0	2	0	0	0	1	1	0	0	0	2	0	2	8	0	0	0	3	0	3	0	0	0	7	1	0	0	0	0	0	0	0	11	3	6	0	9	0	0	0	0	0	0	0	0	1	0
ɑː	0	0	0	0	0	0	0	0	0	2	0	0	1	0	0	0	2	0	0	1	0	0	4	1	0	1	0	0	0	1	1	0	0	0	0	0	0	0	0	0	0	0	0	0	0	0	0	0	0	0	0	1	0
ɑ̃	0	0	0	0	0	0	0	0	0	0	0	0	0	0	0	0	0	0	0	0	0	0	0	0	0	0	0	0	0	1	0	0	0	0	0	0	0	0	0	0	0	0	0	0	0	0	0	0	0	0	0	0	0
ɑ̃ː	0	0	0	0	0	0	0	0	0	0	0	0	0	0	0	0	0	0	0	1	0	0	0	0	0	0	0	0	0	0	0	0	0	0	0	0	0	0	0	0	0	0	0	0	0	0	0	0	0	0	0	0	0
ɒ	0	0	0	0	4	0	0	33	0	2	0	0	0	0	2	0	5	0	0	1	0	0	5	0	0	6	0	0	0	2	0	0	0	0	0	0	0	0	9	0	0	0	26	0	0	0	0	0	0	0	1	1	0
ɒː	0	0	0	0	0	0	0	20	0	0	0	0	0	0	2	0	0	0	0	0	0	0	13	1	0	1	0	0	0	3	0	0	0	0	0	0	0	0	0	0	0	0	20	0	0	0	0	0	0	2	0	0	0
ɒ̃	0	0	0	0	0	0	0	0	0	0	0	0	0	0	0	0	0	0	0	0	0	0	0	0	0	0	0	0	0	2	0	0	0	0	0	0	0	0	0	0	0	0	0	0	0	0	0	0	0	0	0	0	0
ɒ̃ː	0	0	0	0	0	0	0	0	0	0	0	0	0	0	0	0	0	0	0	0	0	0	0	0	0	0	0	0	0	2	0	0	0	0	0	0	0	0	0	0	0	0	0	0	0	0	0	0	0	0	0	0	0
ɔ	20	24	36	50	13	37	34	17	63	8	21	32	27	43	33	24	35	17	20	24	13	32	16	28	24	69	24	33	3	26	35	38	22	10	33	16	23	16	65	18	31	36	17	10	5	20	19	26	33	24	37	35	44
ɔː	4	5	6	21	0	1	8	4	16	3	1	3	4	2	2	1	2	2	2	0	2	2	2	0	5	7	6	6	3	2	4	17	7	3	6	0	6	0	7	0	2	4	4	3	2	0	0	0	2	0	5	7	7
ɔ̃	0	0	0	0	0	0	0	0	0	0	0	0	0	0	2	0	0	0	0	0	0	0	0	0	0	0	0	0	0	3	1	0	0	0	0	0	0	0	0	0	0	0	0	0	0	0	0	0	0	0	0	0	0
ɔ̃ː	0	0	0	0	0	0	0	0	0	0	0	0	0	0	0	0	0	0	0	0	1	0	0	0	0	0	0	0	0	2	0	0	0	0	0	0	0	0	0	0	0	0	0	0	0	0	0	0	0	0	0	0	0
ɘ	0	0	0	0	2	0	0	4	0	0	0	0	0	0	0	0	3	0	2	0	0	0	9	0	0	0	0	0	0	0	0	2	15	0	0	0	0	0	0	0	11	0	4	0	0	0	0	0	0	0	0	0	0
ɘː	0	0	0	0	0	0	0	2	0	10	0	0	0	0	0	0	2	0	0	0	0	0	9	0	0	0	0	0	0	0	0	0	2	0	0	0	0	0	0	0	9	0	0	0	0	0	0	0	0	0	0	0	0
ə	111	122	103	66	120	154	267	115	50	315	119	216	221	181	283	122	278	333	272	364	356	152	340	372	305	83	102	76	309	302	115	70	85	102	186	264	248	149	95	204	300	44	100	96	329	112	120	87	291	294	167	141	262
əː	4	3	1	9	15	7	24	9	1	28	0	5	8	2	5	0	29	6	0	1	6	2	34	4	7	4	0	2	8	5	1	2	13	4	2	5	4	3	4	1	6	2	2	3	3	0	0	0	4	3	1	1	12
əˠ	0	0	0	0	0	0	0	0	0	0	0	0	0	0	0	0	0	0	0	0	0	0	0	0	0	0	0	0	0	0	0	0	0	0	0	0	1	0	0	0	0	0	0	0	0	0	0	0	0	0	0	0	0
ə̃	1	1	0	0	2	0	0	0	0	0	0	2	2	0	4	0	0	1	0	0	1	0	0	0	0	0	0	0	2	2	0	0	0	0	1	0	0	0	0	0	0	2	0	0	2	0	0	0	0	2	0	1	0
ə̃ː	0	0	0	0	0	0	0	0	0	0	0	0	0	0	0	0	0	0	0	0	2	0	0	0	0	0	0	0	0	2	0	0	0	0	0	0	0	0	0	0	0	0	0	0	0	0	0	0	0	0	0	0	0
ɛ	13	10	57	79	0	3	8	18	77	12	47	6	14	15	9	75	6	9	18	19	11	1	16	14	12	36	93	84	18	9	3	62	2	9	31	16	18	68	33	19	6	4	26	6	16	44	78	59	21	12	35	40	12
ɛː	12	12	3	17	0	1	6	11	22	10	1	1	4	1	9	4	20	1	15	10	3	1	11	8	3	14	6	7	2	7	0	9	0	15	4	14	5	4	10	1	19	0	4	25	2	6	3	0	1	3	2	5	13
ɛ̃	0	0	0	0	0	0	0	0	0	0	0	0	2	0	0	0	0	0	0	2	0	0	0	0	0	0	0	0	0	2	0	0	0	0	0	0	2	0	0	9	0	1	0	0	0	7	0	0	0	2	0	0	0
ɛ̃ː	0	0	0	0	0	0	0	0	0	0	0	0	3	0	2	0	0	0	0	0	0	0	0	0	0	0	0	0	0	2	0	0	0	0	0	0	2	0	0	0	0	0	0	0	0	0	0	0	0	0	0	0	0
ɠ	0	0	0	7	0	0	0	0	0	0	0	0	0	0	0	0	0	0	0	0	0	0	0	0	0	0	0	0	0	0	0	0	0	0	0	0	0	0	0	0	0	0	0	0	0	0	0	0	0	0	0	0	0
ɣ	0	0	0	0	21	11	17	0	1	15	0	4	0	1	0	0	60	2	7	17	1	7	11	16	1	0	0	0	2	2	1	0	11	0	0	11	1	0	5	0	71	2	0	0	2	0	0	0	0	2	1	1	17
ɥ	1	0	1	10	4	0	3	6	2	2	6	2	0	1	16	3	5	0	20	0	0	0	2	0	15	1	3	58	5	2	1	57	2	1	3	25	1	32	1	25	0	2	4	0	3	34	28	6	13	14	3	0	1
ɦ	0	0	0	0	0	0	0	50	0	0	0	0	0	0	0	0	0	0	0	0	0	0	0	0	0	1	0	0	0	0	0	0	0	0	0	0	0	0	40	0	0	0	22	0	0	0	0	0	0	0	0	0	0
ɦː	0	0	0	0	0	0	0	11	0	0	0	0	0	0	0	0	0	0	0	0	0	0	0	0	0	0	0	0	0	0	0	0	0	0	0	0	0	0	0	0	0	0	2	0	0	0	0	0	0	0	0	0	0
ɨ	0	0	14	3	0	1	4	0	0	5	0	3	2	0	0	1	0	1	3	11	0	0	7	7	4	2	0	0	0	3	0	0	0	0	0	4	0	0	7	0	5	3	2	0	0	0	0	0	4	0	1	6	8
ɨː	0	0	0	0	0	0	1	0	0	0	0	0	0	0	0	0	0	1	0	1	0	0	0	0	0	0	0	0	0	2	1	0	0	0	0	0	0	0	0	0	0	0	0	0	0	0	0	0	0	0	0	1	0
ɨ̃	0	0	6	0	0	0	0	0	0	0	0	0	2	0	0	0	0	0	0	0	0	0	0	0	0	0	0	0	0	1	0	0	0	0	0	0	0	0	0	0	0	1	0	0	0	0	0	0	0	0	0	1	0
ɪ	35	132	127	12	17	49	84	24	15	13	109	87	118	90	4	108	52	41	23	25	31	56	14	19	18	12	90	30	18	29	101	40	39	107	106	23	106	130	12	111	82	108	22	104	21	136	99	118	26	19	77	115	97
ɪː	1	1	2	1	4	3	3	9	1	7	4	1	1	0	5	6	0	7	0	3	9	3	4	3	4	1	4	0	10	4	4	0	2	4	3	2	3	6	1	0	0	6	2	4	10	1	4	0	3	0	2	4	3
ɪ̃	0	0	0	0	0	0	0	0	0	0	0	0	0	0	2	0	0	1	0	0	2	0	0	0	0	0	0	0	0	5	0	0	0	0	0	0	0	0	0	0	0	0	0	0	0	0	0	0	0	0	0	1	0
ɪ̃ː	0	0	0	0	0	0	0	0	0	0	0	0	0	0	4	0	0	0	0	0	0	0	0	0	0	0	0	0	0	1	0	0	0	0	0	0	0	0	0	0	0	0	0	0	0	0	0	0	0	3	0	0	0
ɯ	0	0	0	0	0	0	0	0	0	0	0	0	0	0	0	0	0	0	0	1	0	0	0	1	0	0	0	0	0	0	0	0	0	0	0	0	0	0	0	0	0	0	0	0	0	0	0	0	0	0	0	0	0
ɱ	3	2	0	0	0	0	1	0	0	0	0	0	1	0	2	0	0	0	0	0	0	0	0	0	0	0	0	0	0	0	0	0	0	1	1	0	0	0	0	1	0	0	0	1	0	0	3	0	1	0	0	0	0
ɲ	11	13	16	12	8	21	11	13	17	5	24	15	9	14	44	44	18	13	68	5	13	19	5	3	58	22	46	7	17	37	11	6	9	20	13	59	9	35	29	36	12	9	22	19	26	34	39	26	49	47	17	13	12
ɲʲ	0	0	0	1	0	0	0	4	0	7	0	0	5	0	2	1	2	0	3	0	0	0	7	2	0	0	3	2	0	5	0	4	2	1	0	5	4	1	0	1	2	0	2	4	2	3	1	0	0	2	0	0	1
ɲʷ	0	0	0	0	0	0	0	0	0	0	0	0	0	0	5	0	0	0	2	0	0	0	0	0	0	0	0	2	0	1	0	2	0	0	0	4	0	1	0	0	0	0	4	0	0	0	0	0	0	3	0	0	0
ɳ	0	0	0	0	0	1	0	0	0	0	0	0	0	0	0	0	0	0	0	0	0	0	0	0	0	0	0	0	0	0	0	0	0	0	0	0	0	0	0	0	0	0	0	0	0	0	0	0	0	0	0	0	0
ʃ	11	11	11	37	15	19	3	11	34	2	28	11	11	12	19	9	0	24	12	9	21	20	4	9	19	21	13	22	18	29	51	25	13	12	42	11	12	27	21	10	0	34	11	9	23	10	28	33	19	17	36	12	3
ʃʲ	0	0	0	0	4	0	0	13	0	2	3	0	1	0	2	4	0	0	2	0	0	0	0	0	0	0	1	13	13	0	0	11	4	1	0	2	1	3	0	3	0	0	13	3	8	3	3	1	0	2	0	0	0
ʃʷ	0	0	0	0	0	0	0	2	0	2	0	0	0	0	4	0	0	0	0	0	1	0	0	0	0	0	0	0	2	0	0	0	2	0	0	0	0	0	0	0	0	0	2	0	5	0	0	0	0	3	0	0	0
ʉ	0	0	0	0	0	0	0	0	0	0	0	0	0	0	0	0	0	0	0	1	0	0	2	1	0	0	0	0	0	0	0	0	0	0	0	0	0	0	3	0	0	0	0	0	0	0	0	0	0	0	0	0	0
ʉʱ	0	0	0	0	0	0	0	0	0	0	0	0	0	0	0	0	0	0	0	0	0	0	0	0	0	0	0	0	0	0	0	0	0	0	0	0	0	0	1	0	0	0	0	0	0	0	0	0	0	0	0	0	0
ʉː	0	0	0	0	0	0	0	0	0	0	0	0	0	0	0	0	0	0	0	0	0	0	2	0	0	0	0	0	0	0	0	0	0	0	0	0	0	0	0	0	0	0	0	0	0	0	0	0	0	0	0	0	0
ʊ	91	112	89	60	99	82	62	24	62	63	114	100	103	82	33	95	41	28	18	40	27	85	52	37	26	54	79	43	17	37	87	42	131	115	91	29	87	82	42	104	50	86	26	113	28	73	94	84	48	19	106	82	53
ʊʱ	0	0	0	1	0	1	0	0	2	0	0	1	0	0	0	0	2	2	0	0	2	1	0	0	2	1	0	0	2	0	0	0	0	0	0	5	0	0	2	0	0	2	2	0	0	0	0	0	9	0	1	0	0
ʊʱː	0	0	0	0	0	0	0	0	0	0	0	0	0	0	0	0	0	0	0	0	0	0	0	0	0	0	0	0	0	0	0	0	0	0	0	0	0	0	0	0	0	1	0	0	0	0	0	0	0	0	0	0	0
ʊː	6	5	1	5	40	5	6	31	10	3	3	2	5	8	23	4	5	9	0	3	14	2	11	3	7	2	1	15	13	7	4	9	17	6	2	2	8	0	2	3	2	6	4	4	8	0	0	3	8	2	3	3	7
ʊ̃	1	1	1	0	0	0	0	0	0	0	0	2	0	2	0	0	0	0	0	0	0	0	0	0	0	0	0	0	0	3	0	0	0	0	0	0	0	0	0	0	0	0	0	0	0	0	0	0	0	2	0	1	0
ʊ̃ː	0	0	0	0	0	0	0	0	0	0	0	2	1	1	0	0	0	0	0	0	0	0	0	0	0	0	0	0	0	1	0	0	0	0	0	0	0	0	0	1	0	0	0	0	0	0	0	0	0	2	0	0	0
ʊ̤	1	0	0	0	0	0	0	0	0	0	0	0	0	0	0	0	0	0	0	0	0	0	0	0	0	0	0	0	0	0	0	0	0	0	0	0	0	0	0	0	0	0	0	0	0	0	0	0	0	0	0	0	0
ʒ	0	0	1	0	0	0	5	0	0	10	7	0	0	0	18	4	8	0	10	3	0	0	11	4	5	0	3	0	0	0	0	0	0	0	1	25	0	1	0	4	8	0	0	0	0	4	0	6	6	17	0	0	4
ʒʷ	0	0	0	0	0	0	0	0	0	0	0	0	0	0	4	0	0	0	0	0	0	0	0	0	0	0	0	0	0	0	0	0	0	0	0	0	0	0	0	0	0	0	0	0	0	0	0	0	0	3	0	0	0
ʔ	0	0	0	65	0	1	57	4	72	0	0	2	2	0	0	0	41	1	15	0	0	1	0	2	16	0	0	32	0	5	0	51	0	0	1	16	0	0	1	0	45	0	2	0	0	0	0	0	22	0	2	0	63
β	1	0	2	0	0	0	0	0	0	0	0	0	0	0	2	0	2	0	0	0	0	0	0	0	0	0	0	0	0	1	0	0	0	0	0	0	0	0	0	0	2	0	0	0	0	0	0	0	0	5	0	0	1
βʷ	0	0	0	0	0	0	0	0	0	0	0	0	0	0	0	0	0	0	0	0	0	1	0	0	0	0	0	0	0	0	0	0	0	0	0	0	0	0	0	0	0	0	0	0	0	0	0	0	0	0	0	0	0
ẽ	0	0	0	0	0	0	0	0	0	0	0	0	1	0	0	0	0	0	0	0	0	0	0	0	0	0	0	0	0	2	0	0	0	0	0	0	1	0	0	0	0	0	0	0	0	0	0	0	0	0	0	0	0
ẽː	0	0	0	0	0	0	0	0	0	0	0	0	1	0	0	0	0	0	0	0	0	0	0	0	0	0	0	0	0	0	0	0	0	0	0	0	0	0	0	0	0	0	0	0	0	0	0	0	0	0	0	0	0
⁴⁵	0	0	0	0	0	0	0	0	0	0	0	0	0	0	0	0	0	0	0	0	0	0	0	0	0	0	0	0	0	0	1	0	0	0	0	0	0	0	0	0	0	0	0	0	0	0	0	0	0	0	0	0	0
⁵	297	357	274	231	283	337	349	216	258	266	310	410	326	399	336	250	232	386	265	235	352	351	269	251	269	194	218	254	299	249	287	275	303	294	373	269	324	328	216	284	263	349	260	332	315	276	312	314	302	332	273	355	356
⁵³	11	8	16	17	19	6	40	43	6	18	4	12	21	12	0	9	21	12	0	19	19	7	22	18	6	6	4	32	43	4	10	57	17	9	10	2	18	6	7	3	26	12	26	15	18	1	6	6	6	0	7	17	26
⁵¹	28	46	43	56	32	43	47	59	44	49	44	18	18	21	86	62	75	40	107	39	54	40	45	47	54	42	64	59	35	74	54	45	35	58	27	93	21	59	47	41	73	50	52	76	52	48	69	78	48	80	27	41	79
ⁿb	0	0	0	0	0	0	0	0	0	20	3	0	0	0	30	4	0	0	5	0	0	0	22	0	0	0	1	0	0	0	0	0	0	0	0	5	0	0	0	4	0	0	0	0	0	4	0	3	0	26	0	0	0
ⁿbʷ	0	0	0	0	0	0	0	0	0	0	1	0	0	0	2	1	0	0	0	0	0	0	0	0	0	0	3	0	0	0	0	0	0	0	0	0	0	0	0	1	0	0	0	0	0	3	0	1	0	2	0	0	0
ⁿd	0	0	0	0	0	0	0	0	0	5	10	0	0	0	9	10	0	0	12	0	0	0	5	0	0	0	10	0	0	0	0	0	0	0	0	27	0	0	0	10	0	0	0	0	2	7	0	7	0	3	0	0	0
ⁿdʷ	0	0	0	0	0	0	0	0	0	2	0	0	0	0	0	0	0	0	0	0	0	0	0	0	0	0	0	0	0	0	0	0	0	0	0	0	0	0	0	0	0	0	0	0	0	0	0	0	0	0	0	0	0
ⁿt	0	0	0	0	0	0	0	0	0	5	0	0	0	0	0	4	0	0	5	0	0	0	4	0	0	0	3	0	0	0	0	0	0	0	0	4	0	0	0	3	0	0	0	0	0	1	0	0	0	0	0	0	0
