Doculect1	Doculect2	SharedCognateCount
ABSMissong1	AGAMissong2	111
ABSMissong1	AOMNgun2	78
ABSMissong1	APBMumfu1	18
ABSMissong1	BAAMashi4	27
ABSMissong1	BKBMashi2	26
ABSMissong1	BNMKung2	19
ABSMissong1	CENMundabli2	19
ABSMissong1	DNMMumfu2	21
ABSMissong1	DPNFang13	17
ABSMissong1	ECLAbar8	84
ABSMissong1	ENBBiya1	62
ABSMissong1	FBCBiya8	71
ABSMissong1	ICNBiya2	55
ABSMissong1	JGYKoshin3	25
ABSMissong1	KBMNgun4	75
ABSMissong1	KCSKung3	28
ABSMissong1	KCYBuu2	40
ABSMissong1	KDCAjumbu10	26
ABSMissong1	KDVFang1	13
ABSMissong1	KEMBuu1	40
ABSMissong1	KFKMashi1	28
ABSMissong1	KHKFang12	16
ABSMissong1	KJSFang2	14
ABSMissong1	KMNAjumbu2	27
ABSMissong1	LFNMundabli1	19
ABSMissong1	MCANgun3	71
ABSMissong1	MEAMumfu3	20
ABSMissong1	MNJBuu4	44
ABSMissong1	MRYKoshin2	17
ABSMissong1	NACAbar2	76
ABSMissong1	NCCMumfu4	19
ABSMissong1	NCMMashi5	27
ABSMissong1	NDNMissong5	112
ABSMissong1	NEAMunken1	71
ABSMissong1	NEMAjumbu9	23
ABSMissong1	NFKBiya7	66
ABSMissong1	NGTMunken3	72
ABSMissong1	NINMundabli4	20
ABSMissong1	NJNBiya6	74
ABSMissong1	NJSKung4	26
ABSMissong1	NMAAbar1	68
ABSMissong1	NMNMundabli3	18
ABSMissong1	NMSMissong4	111
ABSMissong1	NNBBuu3	43
ABSMissong1	NSFBiya5	69
ABSMissong1	NUNMunken4	76
ABSMissong1	NVBAbar7	87
ABSMissong1	NVIAjumbu1	23
ABSMissong1	TELKoshin4	26
ABSMissong1	TNTMunken2	69
ABSMissong1	WCANgun1	77
ABSMissong1	ZKGKung1	17
AGAMissong2	AOMNgun2	78
AGAMissong2	APBMumfu1	19
AGAMissong2	BAAMashi4	25
AGAMissong2	BKBMashi2	24
AGAMissong2	BNMKung2	19
AGAMissong2	CENMundabli2	21
AGAMissong2	DNMMumfu2	19
AGAMissong2	DPNFang13	17
AGAMissong2	ECLAbar8	82
AGAMissong2	ENBBiya1	65
AGAMissong2	FBCBiya8	73
AGAMissong2	ICNBiya2	56
AGAMissong2	JGYKoshin3	23
AGAMissong2	KBMNgun4	79
AGAMissong2	KCSKung3	30
AGAMissong2	KCYBuu2	39
AGAMissong2	KDCAjumbu10	26
AGAMissong2	KDVFang1	13
AGAMissong2	KEMBuu1	43
AGAMissong2	KFKMashi1	26
AGAMissong2	KHKFang12	17
AGAMissong2	KJSFang2	15
AGAMissong2	KMNAjumbu2	26
AGAMissong2	LFNMundabli1	21
AGAMissong2	MCANgun3	74
AGAMissong2	MEAMumfu3	20
AGAMissong2	MNJBuu4	42
AGAMissong2	MRYKoshin2	17
AGAMissong2	NACAbar2	74
AGAMissong2	NCCMumfu4	21
AGAMissong2	NCMMashi5	26
AGAMissong2	NDNMissong5	117
AGAMissong2	NEAMunken1	74
AGAMissong2	NEMAjumbu9	26
AGAMissong2	NFKBiya7	67
AGAMissong2	NGTMunken3	74
AGAMissong2	NINMundabli4	22
AGAMissong2	NJNBiya6	76
AGAMissong2	NJSKung4	28
AGAMissong2	NMAAbar1	64
AGAMissong2	NMNMundabli3	18
AGAMissong2	NMSMissong4	116
AGAMissong2	NNBBuu3	41
AGAMissong2	NSFBiya5	72
AGAMissong2	NUNMunken4	78
AGAMissong2	NVBAbar7	87
AGAMissong2	NVIAjumbu1	25
AGAMissong2	TELKoshin4	24
AGAMissong2	TNTMunken2	78
AGAMissong2	WCANgun1	76
AGAMissong2	ZKGKung1	18
AOMNgun2	APBMumfu1	13
AOMNgun2	BAAMashi4	22
AOMNgun2	BKBMashi2	23
AOMNgun2	BNMKung2	19
AOMNgun2	CENMundabli2	15
AOMNgun2	DNMMumfu2	14
AOMNgun2	DPNFang13	18
AOMNgun2	ECLAbar8	99
AOMNgun2	ENBBiya1	79
AOMNgun2	FBCBiya8	97
AOMNgun2	ICNBiya2	66
AOMNgun2	JGYKoshin3	25
AOMNgun2	KBMNgun4	105
AOMNgun2	KCSKung3	26
AOMNgun2	KCYBuu2	38
AOMNgun2	KDCAjumbu10	29
AOMNgun2	KDVFang1	12
AOMNgun2	KEMBuu1	37
AOMNgun2	KFKMashi1	22
AOMNgun2	KHKFang12	16
AOMNgun2	KJSFang2	14
AOMNgun2	KMNAjumbu2	29
AOMNgun2	LFNMundabli1	14
AOMNgun2	MCANgun3	108
AOMNgun2	MEAMumfu3	13
AOMNgun2	MNJBuu4	39
AOMNgun2	MRYKoshin2	15
AOMNgun2	NACAbar2	89
AOMNgun2	NCCMumfu4	15
AOMNgun2	NCMMashi5	24
AOMNgun2	NDNMissong5	81
AOMNgun2	NEAMunken1	85
AOMNgun2	NEMAjumbu9	25
AOMNgun2	NFKBiya7	96
AOMNgun2	NGTMunken3	93
AOMNgun2	NINMundabli4	16
AOMNgun2	NJNBiya6	97
AOMNgun2	NJSKung4	25
AOMNgun2	NMAAbar1	79
AOMNgun2	NMNMundabli3	15
AOMNgun2	NMSMissong4	83
AOMNgun2	NNBBuu3	40
AOMNgun2	NSFBiya5	100
AOMNgun2	NUNMunken4	98
AOMNgun2	NVBAbar7	99
AOMNgun2	NVIAjumbu1	27
AOMNgun2	TELKoshin4	25
AOMNgun2	TNTMunken2	91
AOMNgun2	WCANgun1	112
AOMNgun2	ZKGKung1	20
APBMumfu1	BAAMashi4	33
APBMumfu1	BKBMashi2	31
APBMumfu1	BNMKung2	15
APBMumfu1	CENMundabli2	104
APBMumfu1	DNMMumfu2	100
APBMumfu1	DPNFang13	46
APBMumfu1	ECLAbar8	14
APBMumfu1	ENBBiya1	13
APBMumfu1	FBCBiya8	15
APBMumfu1	ICNBiya2	12
APBMumfu1	JGYKoshin3	45
APBMumfu1	KBMNgun4	14
APBMumfu1	KCSKung3	19
APBMumfu1	KCYBuu2	46
APBMumfu1	KDCAjumbu10	28
APBMumfu1	KDVFang1	33
APBMumfu1	KEMBuu1	47
APBMumfu1	KFKMashi1	33
APBMumfu1	KHKFang12	45
APBMumfu1	KJSFang2	33
APBMumfu1	KMNAjumbu2	29
APBMumfu1	LFNMundabli1	106
APBMumfu1	MCANgun3	15
APBMumfu1	MEAMumfu3	105
APBMumfu1	MNJBuu4	49
APBMumfu1	MRYKoshin2	27
APBMumfu1	NACAbar2	14
APBMumfu1	NCCMumfu4	110
APBMumfu1	NCMMashi5	31
APBMumfu1	NDNMissong5	22
APBMumfu1	NEAMunken1	14
APBMumfu1	NEMAjumbu9	31
APBMumfu1	NFKBiya7	15
APBMumfu1	NGTMunken3	16
APBMumfu1	NINMundabli4	100
APBMumfu1	NJNBiya6	17
APBMumfu1	NJSKung4	20
APBMumfu1	NMAAbar1	13
APBMumfu1	NMNMundabli3	101
APBMumfu1	NMSMissong4	20
APBMumfu1	NNBBuu3	48
APBMumfu1	NSFBiya5	16
APBMumfu1	NUNMunken4	13
APBMumfu1	NVBAbar7	12
APBMumfu1	NVIAjumbu1	29
APBMumfu1	TELKoshin4	45
APBMumfu1	TNTMunken2	13
APBMumfu1	WCANgun1	15
APBMumfu1	ZKGKung1	15
BAAMashi4	BKBMashi2	116
BAAMashi4	BNMKung2	21
BAAMashi4	CENMundabli2	31
BAAMashi4	DNMMumfu2	30
BAAMashi4	DPNFang13	30
BAAMashi4	ECLAbar8	26
BAAMashi4	ENBBiya1	21
BAAMashi4	FBCBiya8	24
BAAMashi4	ICNBiya2	18
BAAMashi4	JGYKoshin3	44
BAAMashi4	KBMNgun4	23
BAAMashi4	KCSKung3	28
BAAMashi4	KCYBuu2	42
BAAMashi4	KDCAjumbu10	29
BAAMashi4	KDVFang1	22
BAAMashi4	KEMBuu1	44
BAAMashi4	KFKMashi1	119
BAAMashi4	KHKFang12	29
BAAMashi4	KJSFang2	19
BAAMashi4	KMNAjumbu2	27
BAAMashi4	LFNMundabli1	32
BAAMashi4	MCANgun3	21
BAAMashi4	MEAMumfu3	31
BAAMashi4	MNJBuu4	41
BAAMashi4	MRYKoshin2	34
BAAMashi4	NACAbar2	22
BAAMashi4	NCCMumfu4	31
BAAMashi4	NCMMashi5	123
BAAMashi4	NDNMissong5	28
BAAMashi4	NEAMunken1	22
BAAMashi4	NEMAjumbu9	28
BAAMashi4	NFKBiya7	24
BAAMashi4	NGTMunken3	22
BAAMashi4	NINMundabli4	33
BAAMashi4	NJNBiya6	25
BAAMashi4	NJSKung4	28
BAAMashi4	NMAAbar1	22
BAAMashi4	NMNMundabli3	32
BAAMashi4	NMSMissong4	27
BAAMashi4	NNBBuu3	41
BAAMashi4	NSFBiya5	22
BAAMashi4	NUNMunken4	21
BAAMashi4	NVBAbar7	24
BAAMashi4	NVIAjumbu1	24
BAAMashi4	TELKoshin4	42
BAAMashi4	TNTMunken2	20
BAAMashi4	WCANgun1	23
BAAMashi4	ZKGKung1	22
BKBMashi2	BNMKung2	20
BKBMashi2	CENMundabli2	28
BKBMashi2	DNMMumfu2	28
BKBMashi2	DPNFang13	32
BKBMashi2	ECLAbar8	25
BKBMashi2	ENBBiya1	22
BKBMashi2	FBCBiya8	25
BKBMashi2	ICNBiya2	18
BKBMashi2	JGYKoshin3	42
BKBMashi2	KBMNgun4	22
BKBMashi2	KCSKung3	26
BKBMashi2	KCYBuu2	38
BKBMashi2	KDCAjumbu10	28
BKBMashi2	KDVFang1	24
BKBMashi2	KEMBuu1	38
BKBMashi2	KFKMashi1	127
BKBMashi2	KHKFang12	29
BKBMashi2	KJSFang2	21
BKBMashi2	KMNAjumbu2	27
BKBMashi2	LFNMundabli1	29
BKBMashi2	MCANgun3	22
BKBMashi2	MEAMumfu3	31
BKBMashi2	MNJBuu4	40
BKBMashi2	MRYKoshin2	30
BKBMashi2	NACAbar2	22
BKBMashi2	NCCMumfu4	30
BKBMashi2	NCMMashi5	120
BKBMashi2	NDNMissong5	27
BKBMashi2	NEAMunken1	23
BKBMashi2	NEMAjumbu9	29
BKBMashi2	NFKBiya7	26
BKBMashi2	NGTMunken3	21
BKBMashi2	NINMundabli4	30
BKBMashi2	NJNBiya6	25
BKBMashi2	NJSKung4	25
BKBMashi2	NMAAbar1	19
BKBMashi2	NMNMundabli3	29
BKBMashi2	NMSMissong4	26
BKBMashi2	NNBBuu3	40
BKBMashi2	NSFBiya5	24
BKBMashi2	NUNMunken4	23
BKBMashi2	NVBAbar7	23
BKBMashi2	NVIAjumbu1	24
BKBMashi2	TELKoshin4	42
BKBMashi2	TNTMunken2	21
BKBMashi2	WCANgun1	22
BKBMashi2	ZKGKung1	21
BNMKung2	CENMundabli2	16
BNMKung2	DNMMumfu2	14
BNMKung2	DPNFang13	25
BNMKung2	ECLAbar8	25
BNMKung2	ENBBiya1	19
BNMKung2	FBCBiya8	21
BNMKung2	ICNBiya2	19
BNMKung2	JGYKoshin3	29
BNMKung2	KBMNgun4	23
BNMKung2	KCSKung3	81
BNMKung2	KCYBuu2	23
BNMKung2	KDCAjumbu10	26
BNMKung2	KDVFang1	19
BNMKung2	KEMBuu1	23
BNMKung2	KFKMashi1	20
BNMKung2	KHKFang12	22
BNMKung2	KJSFang2	17
BNMKung2	KMNAjumbu2	24
BNMKung2	LFNMundabli1	15
BNMKung2	MCANgun3	23
BNMKung2	MEAMumfu3	15
BNMKung2	MNJBuu4	28
BNMKung2	MRYKoshin2	23
BNMKung2	NACAbar2	21
BNMKung2	NCCMumfu4	15
BNMKung2	NCMMashi5	22
BNMKung2	NDNMissong5	21
BNMKung2	NEAMunken1	23
BNMKung2	NEMAjumbu9	25
BNMKung2	NFKBiya7	20
BNMKung2	NGTMunken3	23
BNMKung2	NINMundabli4	16
BNMKung2	NJNBiya6	22
BNMKung2	NJSKung4	86
BNMKung2	NMAAbar1	22
BNMKung2	NMNMundabli3	14
BNMKung2	NMSMissong4	20
BNMKung2	NNBBuu3	28
BNMKung2	NSFBiya5	24
BNMKung2	NUNMunken4	22
BNMKung2	NVBAbar7	22
BNMKung2	NVIAjumbu1	25
BNMKung2	TELKoshin4	28
BNMKung2	TNTMunken2	20
BNMKung2	WCANgun1	18
BNMKung2	ZKGKung1	89
CENMundabli2	DNMMumfu2	92
CENMundabli2	DPNFang13	42
CENMundabli2	ECLAbar8	14
CENMundabli2	ENBBiya1	15
CENMundabli2	FBCBiya8	15
CENMundabli2	ICNBiya2	16
CENMundabli2	JGYKoshin3	48
CENMundabli2	KBMNgun4	15
CENMundabli2	KCSKung3	20
CENMundabli2	KCYBuu2	48
CENMundabli2	KDCAjumbu10	29
CENMundabli2	KDVFang1	32
CENMundabli2	KEMBuu1	52
CENMundabli2	KFKMashi1	31
CENMundabli2	KHKFang12	43
CENMundabli2	KJSFang2	35
CENMundabli2	KMNAjumbu2	25
CENMundabli2	LFNMundabli1	112
CENMundabli2	MCANgun3	16
CENMundabli2	MEAMumfu3	104
CENMundabli2	MNJBuu4	55
CENMundabli2	MRYKoshin2	32
CENMundabli2	NACAbar2	16
CENMundabli2	NCCMumfu4	106
CENMundabli2	NCMMashi5	28
CENMundabli2	NDNMissong5	20
CENMundabli2	NEAMunken1	15
CENMundabli2	NEMAjumbu9	31
CENMundabli2	NFKBiya7	13
CENMundabli2	NGTMunken3	15
CENMundabli2	NINMundabli4	112
CENMundabli2	NJNBiya6	17
CENMundabli2	NJSKung4	21
CENMundabli2	NMAAbar1	15
CENMundabli2	NMNMundabli3	116
CENMundabli2	NMSMissong4	19
CENMundabli2	NNBBuu3	56
CENMundabli2	NSFBiya5	15
CENMundabli2	NUNMunken4	15
CENMundabli2	NVBAbar7	14
CENMundabli2	NVIAjumbu1	26
CENMundabli2	TELKoshin4	50
CENMundabli2	TNTMunken2	15
CENMundabli2	WCANgun1	14
CENMundabli2	ZKGKung1	16
DNMMumfu2	DPNFang13	39
DNMMumfu2	ECLAbar8	14
DNMMumfu2	ENBBiya1	12
DNMMumfu2	FBCBiya8	13
DNMMumfu2	ICNBiya2	10
DNMMumfu2	JGYKoshin3	41
DNMMumfu2	KBMNgun4	11
DNMMumfu2	KCSKung3	16
DNMMumfu2	KCYBuu2	41
DNMMumfu2	KDCAjumbu10	23
DNMMumfu2	KDVFang1	31
DNMMumfu2	KEMBuu1	46
DNMMumfu2	KFKMashi1	29
DNMMumfu2	KHKFang12	38
DNMMumfu2	KJSFang2	30
DNMMumfu2	KMNAjumbu2	23
DNMMumfu2	LFNMundabli1	95
DNMMumfu2	MCANgun3	12
DNMMumfu2	MEAMumfu3	107
DNMMumfu2	MNJBuu4	47
DNMMumfu2	MRYKoshin2	26
DNMMumfu2	NACAbar2	11
DNMMumfu2	NCCMumfu4	106
DNMMumfu2	NCMMashi5	28
DNMMumfu2	NDNMissong5	19
DNMMumfu2	NEAMunken1	13
DNMMumfu2	NEMAjumbu9	27
DNMMumfu2	NFKBiya7	12
DNMMumfu2	NGTMunken3	12
DNMMumfu2	NINMundabli4	88
DNMMumfu2	NJNBiya6	16
DNMMumfu2	NJSKung4	18
DNMMumfu2	NMAAbar1	10
DNMMumfu2	NMNMundabli3	90
DNMMumfu2	NMSMissong4	23
DNMMumfu2	NNBBuu3	46
DNMMumfu2	NSFBiya5	16
DNMMumfu2	NUNMunken4	13
DNMMumfu2	NVBAbar7	12
DNMMumfu2	NVIAjumbu1	24
DNMMumfu2	TELKoshin4	41
DNMMumfu2	TNTMunken2	12
DNMMumfu2	WCANgun1	13
DNMMumfu2	ZKGKung1	13
DPNFang13	ECLAbar8	23
DPNFang13	ENBBiya1	19
DPNFang13	FBCBiya8	19
DPNFang13	ICNBiya2	17
DPNFang13	JGYKoshin3	59
DPNFang13	KBMNgun4	22
DPNFang13	KCSKung3	29
DPNFang13	KCYBuu2	49
DPNFang13	KDCAjumbu10	46
DPNFang13	KDVFang1	90
DPNFang13	KEMBuu1	49
DPNFang13	KFKMashi1	30
DPNFang13	KHKFang12	124
DPNFang13	KJSFang2	84
DPNFang13	KMNAjumbu2	45
DPNFang13	LFNMundabli1	44
DPNFang13	MCANgun3	21
DPNFang13	MEAMumfu3	40
DPNFang13	MNJBuu4	54
DPNFang13	MRYKoshin2	46
DPNFang13	NACAbar2	19
DPNFang13	NCCMumfu4	40
DPNFang13	NCMMashi5	32
DPNFang13	NDNMissong5	21
DPNFang13	NEAMunken1	23
DPNFang13	NEMAjumbu9	49
DPNFang13	NFKBiya7	20
DPNFang13	NGTMunken3	19
DPNFang13	NINMundabli4	43
DPNFang13	NJNBiya6	19
DPNFang13	NJSKung4	28
DPNFang13	NMAAbar1	19
DPNFang13	NMNMundabli3	45
DPNFang13	NMSMissong4	20
DPNFang13	NNBBuu3	52
DPNFang13	NSFBiya5	18
DPNFang13	NUNMunken4	20
DPNFang13	NVBAbar7	20
DPNFang13	NVIAjumbu1	43
DPNFang13	TELKoshin4	54
DPNFang13	TNTMunken2	19
DPNFang13	WCANgun1	21
DPNFang13	ZKGKung1	26
ECLAbar8	ENBBiya1	78
ECLAbar8	FBCBiya8	93
ECLAbar8	ICNBiya2	70
ECLAbar8	JGYKoshin3	30
ECLAbar8	KBMNgun4	104
ECLAbar8	KCSKung3	34
ECLAbar8	KCYBuu2	44
ECLAbar8	KDCAjumbu10	31
ECLAbar8	KDVFang1	15
ECLAbar8	KEMBuu1	40
ECLAbar8	KFKMashi1	25
ECLAbar8	KHKFang12	22
ECLAbar8	KJSFang2	17
ECLAbar8	KMNAjumbu2	33
ECLAbar8	LFNMundabli1	14
ECLAbar8	MCANgun3	96
ECLAbar8	MEAMumfu3	14
ECLAbar8	MNJBuu4	41
ECLAbar8	MRYKoshin2	20
ECLAbar8	NACAbar2	104
ECLAbar8	NCCMumfu4	14
ECLAbar8	NCMMashi5	27
ECLAbar8	NDNMissong5	92
ECLAbar8	NEAMunken1	95
ECLAbar8	NEMAjumbu9	26
ECLAbar8	NFKBiya7	91
ECLAbar8	NGTMunken3	95
ECLAbar8	NINMundabli4	16
ECLAbar8	NJNBiya6	96
ECLAbar8	NJSKung4	32
ECLAbar8	NMAAbar1	96
ECLAbar8	NMNMundabli3	14
ECLAbar8	NMSMissong4	90
ECLAbar8	NNBBuu3	47
ECLAbar8	NSFBiya5	96
ECLAbar8	NUNMunken4	95
ECLAbar8	NVBAbar7	119
ECLAbar8	NVIAjumbu1	31
ECLAbar8	TELKoshin4	28
ECLAbar8	TNTMunken2	93
ECLAbar8	WCANgun1	101
ECLAbar8	ZKGKung1	25
ENBBiya1	FBCBiya8	97
ENBBiya1	ICNBiya2	84
ENBBiya1	JGYKoshin3	19
ENBBiya1	KBMNgun4	87
ENBBiya1	KCSKung3	28
ENBBiya1	KCYBuu2	35
ENBBiya1	KDCAjumbu10	27
ENBBiya1	KDVFang1	16
ENBBiya1	KEMBuu1	34
ENBBiya1	KFKMashi1	22
ENBBiya1	KHKFang12	18
ENBBiya1	KJSFang2	17
ENBBiya1	KMNAjumbu2	31
ENBBiya1	LFNMundabli1	14
ENBBiya1	MCANgun3	79
ENBBiya1	MEAMumfu3	13
ENBBiya1	MNJBuu4	36
ENBBiya1	MRYKoshin2	15
ENBBiya1	NACAbar2	72
ENBBiya1	NCCMumfu4	15
ENBBiya1	NCMMashi5	23
ENBBiya1	NDNMissong5	70
ENBBiya1	NEAMunken1	79
ENBBiya1	NEMAjumbu9	27
ENBBiya1	NFKBiya7	90
ENBBiya1	NGTMunken3	82
ENBBiya1	NINMundabli4	17
ENBBiya1	NJNBiya6	95
ENBBiya1	NJSKung4	25
ENBBiya1	NMAAbar1	67
ENBBiya1	NMNMundabli3	15
ENBBiya1	NMSMissong4	64
ENBBiya1	NNBBuu3	36
ENBBiya1	NSFBiya5	87
ENBBiya1	NUNMunken4	81
ENBBiya1	NVBAbar7	75
ENBBiya1	NVIAjumbu1	32
ENBBiya1	TELKoshin4	20
ENBBiya1	TNTMunken2	78
ENBBiya1	WCANgun1	81
ENBBiya1	ZKGKung1	20
FBCBiya8	ICNBiya2	79
FBCBiya8	JGYKoshin3	21
FBCBiya8	KBMNgun4	103
FBCBiya8	KCSKung3	30
FBCBiya8	KCYBuu2	40
FBCBiya8	KDCAjumbu10	27
FBCBiya8	KDVFang1	15
FBCBiya8	KEMBuu1	36
FBCBiya8	KFKMashi1	25
FBCBiya8	KHKFang12	18
FBCBiya8	KJSFang2	15
FBCBiya8	KMNAjumbu2	29
FBCBiya8	LFNMundabli1	16
FBCBiya8	MCANgun3	97
FBCBiya8	MEAMumfu3	13
FBCBiya8	MNJBuu4	40
FBCBiya8	MRYKoshin2	15
FBCBiya8	NACAbar2	80
FBCBiya8	NCCMumfu4	15
FBCBiya8	NCMMashi5	26
FBCBiya8	NDNMissong5	81
FBCBiya8	NEAMunken1	89
FBCBiya8	NEMAjumbu9	26
FBCBiya8	NFKBiya7	117
FBCBiya8	NGTMunken3	94
FBCBiya8	NINMundabli4	18
FBCBiya8	NJNBiya6	117
FBCBiya8	NJSKung4	28
FBCBiya8	NMAAbar1	76
FBCBiya8	NMNMundabli3	17
FBCBiya8	NMSMissong4	76
FBCBiya8	NNBBuu3	40
FBCBiya8	NSFBiya5	107
FBCBiya8	NUNMunken4	93
FBCBiya8	NVBAbar7	90
FBCBiya8	NVIAjumbu1	30
FBCBiya8	TELKoshin4	22
FBCBiya8	TNTMunken2	92
FBCBiya8	WCANgun1	100
FBCBiya8	ZKGKung1	22
ICNBiya2	JGYKoshin3	23
ICNBiya2	KBMNgun4	73
ICNBiya2	KCSKung3	23
ICNBiya2	KCYBuu2	33
ICNBiya2	KDCAjumbu10	27
ICNBiya2	KDVFang1	12
ICNBiya2	KEMBuu1	29
ICNBiya2	KFKMashi1	20
ICNBiya2	KHKFang12	17
ICNBiya2	KJSFang2	15
ICNBiya2	KMNAjumbu2	30
ICNBiya2	LFNMundabli1	13
ICNBiya2	MCANgun3	68
ICNBiya2	MEAMumfu3	13
ICNBiya2	MNJBuu4	32
ICNBiya2	MRYKoshin2	17
ICNBiya2	NACAbar2	65
ICNBiya2	NCCMumfu4	13
ICNBiya2	NCMMashi5	19
ICNBiya2	NDNMissong5	58
ICNBiya2	NEAMunken1	72
ICNBiya2	NEMAjumbu9	24
ICNBiya2	NFKBiya7	74
ICNBiya2	NGTMunken3	69
ICNBiya2	NINMundabli4	16
ICNBiya2	NJNBiya6	81
ICNBiya2	NJSKung4	20
ICNBiya2	NMAAbar1	60
ICNBiya2	NMNMundabli3	15
ICNBiya2	NMSMissong4	55
ICNBiya2	NNBBuu3	31
ICNBiya2	NSFBiya5	75
ICNBiya2	NUNMunken4	71
ICNBiya2	NVBAbar7	62
ICNBiya2	NVIAjumbu1	26
ICNBiya2	TELKoshin4	22
ICNBiya2	TNTMunken2	65
ICNBiya2	WCANgun1	69
ICNBiya2	ZKGKung1	18
JGYKoshin3	KBMNgun4	25
JGYKoshin3	KCSKung3	34
JGYKoshin3	KCYBuu2	52
JGYKoshin3	KDCAjumbu10	40
JGYKoshin3	KDVFang1	44
JGYKoshin3	KEMBuu1	55
JGYKoshin3	KFKMashi1	43
JGYKoshin3	KHKFang12	55
JGYKoshin3	KJSFang2	43
JGYKoshin3	KMNAjumbu2	38
JGYKoshin3	LFNMundabli1	46
JGYKoshin3	MCANgun3	24
JGYKoshin3	MEAMumfu3	45
JGYKoshin3	MNJBuu4	62
JGYKoshin3	MRYKoshin2	80
JGYKoshin3	NACAbar2	25
JGYKoshin3	NCCMumfu4	41
JGYKoshin3	NCMMashi5	45
JGYKoshin3	NDNMissong5	26
JGYKoshin3	NEAMunken1	27
JGYKoshin3	NEMAjumbu9	43
JGYKoshin3	NFKBiya7	23
JGYKoshin3	NGTMunken3	25
JGYKoshin3	NINMundabli4	43
JGYKoshin3	NJNBiya6	25
JGYKoshin3	NJSKung4	35
JGYKoshin3	NMAAbar1	24
JGYKoshin3	NMNMundabli3	44
JGYKoshin3	NMSMissong4	27
JGYKoshin3	NNBBuu3	63
JGYKoshin3	NSFBiya5	21
JGYKoshin3	NUNMunken4	23
JGYKoshin3	NVBAbar7	28
JGYKoshin3	NVIAjumbu1	28
JGYKoshin3	TELKoshin4	118
JGYKoshin3	TNTMunken2	26
JGYKoshin3	WCANgun1	26
JGYKoshin3	ZKGKung1	28
KBMNgun4	KCSKung3	31
KBMNgun4	KCYBuu2	40
KBMNgun4	KDCAjumbu10	28
KBMNgun4	KDVFang1	15
KBMNgun4	KEMBuu1	37
KBMNgun4	KFKMashi1	22
KBMNgun4	KHKFang12	21
KBMNgun4	KJSFang2	18
KBMNgun4	KMNAjumbu2	30
KBMNgun4	LFNMundabli1	14
KBMNgun4	MCANgun3	112
KBMNgun4	MEAMumfu3	12
KBMNgun4	MNJBuu4	36
KBMNgun4	MRYKoshin2	16
KBMNgun4	NACAbar2	89
KBMNgun4	NCCMumfu4	15
KBMNgun4	NCMMashi5	23
KBMNgun4	NDNMissong5	87
KBMNgun4	NEAMunken1	88
KBMNgun4	NEMAjumbu9	23
KBMNgun4	NFKBiya7	99
KBMNgun4	NGTMunken3	92
KBMNgun4	NINMundabli4	17
KBMNgun4	NJNBiya6	107
KBMNgun4	NJSKung4	27
KBMNgun4	NMAAbar1	85
KBMNgun4	NMNMundabli3	14
KBMNgun4	NMSMissong4	81
KBMNgun4	NNBBuu3	39
KBMNgun4	NSFBiya5	104
KBMNgun4	NUNMunken4	94
KBMNgun4	NVBAbar7	100
KBMNgun4	NVIAjumbu1	29
KBMNgun4	TELKoshin4	22
KBMNgun4	TNTMunken2	94
KBMNgun4	WCANgun1	114
KBMNgun4	ZKGKung1	23
KCSKung3	KCYBuu2	30
KCSKung3	KDCAjumbu10	38
KCSKung3	KDVFang1	21
KCSKung3	KEMBuu1	28
KCSKung3	KFKMashi1	26
KCSKung3	KHKFang12	25
KCSKung3	KJSFang2	20
KCSKung3	KMNAjumbu2	36
KCSKung3	LFNMundabli1	20
KCSKung3	MCANgun3	31
KCSKung3	MEAMumfu3	17
KCSKung3	MNJBuu4	32
KCSKung3	MRYKoshin2	25
KCSKung3	NACAbar2	25
KCSKung3	NCCMumfu4	19
KCSKung3	NCMMashi5	30
KCSKung3	NDNMissong5	31
KCSKung3	NEAMunken1	32
KCSKung3	NEMAjumbu9	36
KCSKung3	NFKBiya7	28
KCSKung3	NGTMunken3	30
KCSKung3	NINMundabli4	20
KCSKung3	NJNBiya6	32
KCSKung3	NJSKung4	123
KCSKung3	NMAAbar1	26
KCSKung3	NMNMundabli3	16
KCSKung3	NMSMissong4	31
KCSKung3	NNBBuu3	33
KCSKung3	NSFBiya5	30
KCSKung3	NUNMunken4	29
KCSKung3	NVBAbar7	31
KCSKung3	NVIAjumbu1	34
KCSKung3	TELKoshin4	31
KCSKung3	TNTMunken2	30
KCSKung3	WCANgun1	28
KCSKung3	ZKGKung1	81
KCYBuu2	KDCAjumbu10	45
KCYBuu2	KDVFang1	40
KCYBuu2	KEMBuu1	108
KCYBuu2	KFKMashi1	42
KCYBuu2	KHKFang12	50
KCYBuu2	KJSFang2	37
KCYBuu2	KMNAjumbu2	46
KCYBuu2	LFNMundabli1	46
KCYBuu2	MCANgun3	40
KCYBuu2	MEAMumfu3	44
KCYBuu2	MNJBuu4	103
KCYBuu2	MRYKoshin2	42
KCYBuu2	NACAbar2	38
KCYBuu2	NCCMumfu4	44
KCYBuu2	NCMMashi5	40
KCYBuu2	NDNMissong5	40
KCYBuu2	NEAMunken1	47
KCYBuu2	NEMAjumbu9	48
KCYBuu2	NFKBiya7	36
KCYBuu2	NGTMunken3	36
KCYBuu2	NINMundabli4	49
KCYBuu2	NJNBiya6	40
KCYBuu2	NJSKung4	29
KCYBuu2	NMAAbar1	38
KCYBuu2	NMNMundabli3	48
KCYBuu2	NMSMissong4	39
KCYBuu2	NNBBuu3	105
KCYBuu2	NSFBiya5	36
KCYBuu2	NUNMunken4	38
KCYBuu2	NVBAbar7	40
KCYBuu2	NVIAjumbu1	45
KCYBuu2	TELKoshin4	55
KCYBuu2	TNTMunken2	41
KCYBuu2	WCANgun1	42
KCYBuu2	ZKGKung1	24
KDCAjumbu10	KDVFang1	31
KDCAjumbu10	KEMBuu1	44
KDCAjumbu10	KFKMashi1	29
KDCAjumbu10	KHKFang12	40
KDCAjumbu10	KJSFang2	31
KDCAjumbu10	KMNAjumbu2	105
KDCAjumbu10	LFNMundabli1	30
KDCAjumbu10	MCANgun3	29
KDCAjumbu10	MEAMumfu3	27
KDCAjumbu10	MNJBuu4	50
KDCAjumbu10	MRYKoshin2	29
KDCAjumbu10	NACAbar2	27
KDCAjumbu10	NCCMumfu4	27
KDCAjumbu10	NCMMashi5	29
KDCAjumbu10	NDNMissong5	24
KDCAjumbu10	NEAMunken1	30
KDCAjumbu10	NEMAjumbu9	118
KDCAjumbu10	NFKBiya7	31
KDCAjumbu10	NGTMunken3	25
KDCAjumbu10	NINMundabli4	26
KDCAjumbu10	NJNBiya6	30
KDCAjumbu10	NJSKung4	37
KDCAjumbu10	NMAAbar1	24
KDCAjumbu10	NMNMundabli3	27
KDCAjumbu10	NMSMissong4	27
KDCAjumbu10	NNBBuu3	49
KDCAjumbu10	NSFBiya5	32
KDCAjumbu10	NUNMunken4	27
KDCAjumbu10	NVBAbar7	32
KDCAjumbu10	NVIAjumbu1	95
KDCAjumbu10	TELKoshin4	38
KDCAjumbu10	TNTMunken2	27
KDCAjumbu10	WCANgun1	29
KDCAjumbu10	ZKGKung1	26
KDVFang1	KEMBuu1	39
KDVFang1	KFKMashi1	23
KDVFang1	KHKFang12	88
KDVFang1	KJSFang2	80
KDVFang1	KMNAjumbu2	31
KDVFang1	LFNMundabli1	32
KDVFang1	MCANgun3	13
KDVFang1	MEAMumfu3	33
KDVFang1	MNJBuu4	42
KDVFang1	MRYKoshin2	37
KDVFang1	NACAbar2	14
KDVFang1	NCCMumfu4	31
KDVFang1	NCMMashi5	26
KDVFang1	NDNMissong5	17
KDVFang1	NEAMunken1	17
KDVFang1	NEMAjumbu9	35
KDVFang1	NFKBiya7	14
KDVFang1	NGTMunken3	15
KDVFang1	NINMundabli4	30
KDVFang1	NJNBiya6	15
KDVFang1	NJSKung4	20
KDVFang1	NMAAbar1	14
KDVFang1	NMNMundabli3	33
KDVFang1	NMSMissong4	15
KDVFang1	NNBBuu3	40
KDVFang1	NSFBiya5	14
KDVFang1	NUNMunken4	16
KDVFang1	NVBAbar7	15
KDVFang1	NVIAjumbu1	31
KDVFang1	TELKoshin4	42
KDVFang1	TNTMunken2	15
KDVFang1	WCANgun1	16
KDVFang1	ZKGKung1	20
KEMBuu1	KFKMashi1	42
KEMBuu1	KHKFang12	50
KEMBuu1	KJSFang2	37
KEMBuu1	KMNAjumbu2	46
KEMBuu1	LFNMundabli1	51
KEMBuu1	MCANgun3	34
KEMBuu1	MEAMumfu3	48
KEMBuu1	MNJBuu4	106
KEMBuu1	MRYKoshin2	42
KEMBuu1	NACAbar2	36
KEMBuu1	NCCMumfu4	50
KEMBuu1	NCMMashi5	40
KEMBuu1	NDNMissong5	39
KEMBuu1	NEAMunken1	43
KEMBuu1	NEMAjumbu9	47
KEMBuu1	NFKBiya7	30
KEMBuu1	NGTMunken3	35
KEMBuu1	NINMundabli4	51
KEMBuu1	NJNBiya6	36
KEMBuu1	NJSKung4	29
KEMBuu1	NMAAbar1	36
KEMBuu1	NMNMundabli3	49
KEMBuu1	NMSMissong4	39
KEMBuu1	NNBBuu3	104
KEMBuu1	NSFBiya5	33
KEMBuu1	NUNMunken4	38
KEMBuu1	NVBAbar7	38
KEMBuu1	NVIAjumbu1	42
KEMBuu1	TELKoshin4	59
KEMBuu1	TNTMunken2	41
KEMBuu1	WCANgun1	38
KEMBuu1	ZKGKung1	24
KFKMashi1	KHKFang12	29
KFKMashi1	KJSFang2	21
KFKMashi1	KMNAjumbu2	29
KFKMashi1	LFNMundabli1	31
KFKMashi1	MCANgun3	22
KFKMashi1	MEAMumfu3	32
KFKMashi1	MNJBuu4	43
KFKMashi1	MRYKoshin2	31
KFKMashi1	NACAbar2	24
KFKMashi1	NCCMumfu4	32
KFKMashi1	NCMMashi5	119
KFKMashi1	NDNMissong5	29
KFKMashi1	NEAMunken1	25
KFKMashi1	NEMAjumbu9	30
KFKMashi1	NFKBiya7	23
KFKMashi1	NGTMunken3	23
KFKMashi1	NINMundabli4	32
KFKMashi1	NJNBiya6	26
KFKMashi1	NJSKung4	25
KFKMashi1	NMAAbar1	22
KFKMashi1	NMNMundabli3	32
KFKMashi1	NMSMissong4	26
KFKMashi1	NNBBuu3	43
KFKMashi1	NSFBiya5	22
KFKMashi1	NUNMunken4	24
KFKMashi1	NVBAbar7	25
KFKMashi1	NVIAjumbu1	24
KFKMashi1	TELKoshin4	44
KFKMashi1	TNTMunken2	22
KFKMashi1	WCANgun1	22
KFKMashi1	ZKGKung1	21
KHKFang12	KJSFang2	82
KHKFang12	KMNAjumbu2	40
KHKFang12	LFNMundabli1	44
KHKFang12	MCANgun3	19
KHKFang12	MEAMumfu3	40
KHKFang12	MNJBuu4	50
KHKFang12	MRYKoshin2	45
KHKFang12	NACAbar2	19
KHKFang12	NCCMumfu4	39
KHKFang12	NCMMashi5	29
KHKFang12	NDNMissong5	20
KHKFang12	NEAMunken1	22
KHKFang12	NEMAjumbu9	44
KHKFang12	NFKBiya7	18
KHKFang12	NGTMunken3	18
KHKFang12	NINMundabli4	45
KHKFang12	NJNBiya6	18
KHKFang12	NJSKung4	25
KHKFang12	NMAAbar1	19
KHKFang12	NMNMundabli3	45
KHKFang12	NMSMissong4	18
KHKFang12	NNBBuu3	53
KHKFang12	NSFBiya5	17
KHKFang12	NUNMunken4	19
KHKFang12	NVBAbar7	19
KHKFang12	NVIAjumbu1	38
KHKFang12	TELKoshin4	52
KHKFang12	TNTMunken2	18
KHKFang12	WCANgun1	19
KHKFang12	ZKGKung1	23
KJSFang2	KMNAjumbu2	31
KJSFang2	LFNMundabli1	33
KJSFang2	MCANgun3	15
KJSFang2	MEAMumfu3	31
KJSFang2	MNJBuu4	37
KJSFang2	MRYKoshin2	35
KJSFang2	NACAbar2	17
KJSFang2	NCCMumfu4	33
KJSFang2	NCMMashi5	22
KJSFang2	NDNMissong5	16
KJSFang2	NEAMunken1	18
KJSFang2	NEMAjumbu9	35
KJSFang2	NFKBiya7	14
KJSFang2	NGTMunken3	14
KJSFang2	NINMundabli4	31
KJSFang2	NJNBiya6	16
KJSFang2	NJSKung4	19
KJSFang2	NMAAbar1	16
KJSFang2	NMNMundabli3	31
KJSFang2	NMSMissong4	14
KJSFang2	NNBBuu3	36
KJSFang2	NSFBiya5	15
KJSFang2	NUNMunken4	17
KJSFang2	NVBAbar7	16
KJSFang2	NVIAjumbu1	33
KJSFang2	TELKoshin4	41
KJSFang2	TNTMunken2	16
KJSFang2	WCANgun1	16
KJSFang2	ZKGKung1	18
KMNAjumbu2	LFNMundabli1	28
KMNAjumbu2	MCANgun3	27
KMNAjumbu2	MEAMumfu3	26
KMNAjumbu2	MNJBuu4	49
KMNAjumbu2	MRYKoshin2	28
KMNAjumbu2	NACAbar2	33
KMNAjumbu2	NCCMumfu4	25
KMNAjumbu2	NCMMashi5	29
KMNAjumbu2	NDNMissong5	26
KMNAjumbu2	NEAMunken1	32
KMNAjumbu2	NEMAjumbu9	107
KMNAjumbu2	NFKBiya7	31
KMNAjumbu2	NGTMunken3	28
KMNAjumbu2	NINMundabli4	28
KMNAjumbu2	NJNBiya6	33
KMNAjumbu2	NJSKung4	35
KMNAjumbu2	NMAAbar1	29
KMNAjumbu2	NMNMundabli3	25
KMNAjumbu2	NMSMissong4	23
KMNAjumbu2	NNBBuu3	50
KMNAjumbu2	NSFBiya5	28
KMNAjumbu2	NUNMunken4	28
KMNAjumbu2	NVBAbar7	36
KMNAjumbu2	NVIAjumbu1	104
KMNAjumbu2	TELKoshin4	39
KMNAjumbu2	TNTMunken2	31
KMNAjumbu2	WCANgun1	28
KMNAjumbu2	ZKGKung1	24
LFNMundabli1	MCANgun3	14
LFNMundabli1	MEAMumfu3	104
LFNMundabli1	MNJBuu4	51
LFNMundabli1	MRYKoshin2	31
LFNMundabli1	NACAbar2	15
LFNMundabli1	NCCMumfu4	98
LFNMundabli1	NCMMashi5	30
LFNMundabli1	NDNMissong5	20
LFNMundabli1	NEAMunken1	15
LFNMundabli1	NEMAjumbu9	35
LFNMundabli1	NFKBiya7	15
LFNMundabli1	NGTMunken3	15
LFNMundabli1	NINMundabli4	113
LFNMundabli1	NJNBiya6	16
LFNMundabli1	NJSKung4	21
LFNMundabli1	NMAAbar1	14
LFNMundabli1	NMNMundabli3	109
LFNMundabli1	NMSMissong4	20
LFNMundabli1	NNBBuu3	50
LFNMundabli1	NSFBiya5	17
LFNMundabli1	NUNMunken4	15
LFNMundabli1	NVBAbar7	14
LFNMundabli1	NVIAjumbu1	30
LFNMundabli1	TELKoshin4	51
LFNMundabli1	TNTMunken2	15
LFNMundabli1	WCANgun1	13
LFNMundabli1	ZKGKung1	15
MCANgun3	MEAMumfu3	13
MCANgun3	MNJBuu4	38
MCANgun3	MRYKoshin2	13
MCANgun3	NACAbar2	85
MCANgun3	NCCMumfu4	15
MCANgun3	NCMMashi5	23
MCANgun3	NDNMissong5	80
MCANgun3	NEAMunken1	86
MCANgun3	NEMAjumbu9	24
MCANgun3	NFKBiya7	98
MCANgun3	NGTMunken3	92
MCANgun3	NINMundabli4	18
MCANgun3	NJNBiya6	98
MCANgun3	NJSKung4	28
MCANgun3	NMAAbar1	80
MCANgun3	NMNMundabli3	16
MCANgun3	NMSMissong4	78
MCANgun3	NNBBuu3	41
MCANgun3	NSFBiya5	100
MCANgun3	NUNMunken4	91
MCANgun3	NVBAbar7	96
MCANgun3	NVIAjumbu1	29
MCANgun3	TELKoshin4	23
MCANgun3	TNTMunken2	88
MCANgun3	WCANgun1	107
MCANgun3	ZKGKung1	23
MEAMumfu3	MNJBuu4	51
MEAMumfu3	MRYKoshin2	30
MEAMumfu3	NACAbar2	13
MEAMumfu3	NCCMumfu4	114
MEAMumfu3	NCMMashi5	30
MEAMumfu3	NDNMissong5	19
MEAMumfu3	NEAMunken1	15
MEAMumfu3	NEMAjumbu9	32
MEAMumfu3	NFKBiya7	12
MEAMumfu3	NGTMunken3	14
MEAMumfu3	NINMundabli4	99
MEAMumfu3	NJNBiya6	14
MEAMumfu3	NJSKung4	19
MEAMumfu3	NMAAbar1	12
MEAMumfu3	NMNMundabli3	101
MEAMumfu3	NMSMissong4	20
MEAMumfu3	NNBBuu3	49
MEAMumfu3	NSFBiya5	17
MEAMumfu3	NUNMunken4	12
MEAMumfu3	NVBAbar7	13
MEAMumfu3	NVIAjumbu1	26
MEAMumfu3	TELKoshin4	48
MEAMumfu3	TNTMunken2	13
MEAMumfu3	WCANgun1	12
MEAMumfu3	ZKGKung1	14
MNJBuu4	MRYKoshin2	47
MNJBuu4	NACAbar2	37
MNJBuu4	NCCMumfu4	56
MNJBuu4	NCMMashi5	41
MNJBuu4	NDNMissong5	44
MNJBuu4	NEAMunken1	45
MNJBuu4	NEMAjumbu9	54
MNJBuu4	NFKBiya7	36
MNJBuu4	NGTMunken3	42
MNJBuu4	NINMundabli4	51
MNJBuu4	NJNBiya6	37
MNJBuu4	NJSKung4	34
MNJBuu4	NMAAbar1	37
MNJBuu4	NMNMundabli3	57
MNJBuu4	NMSMissong4	43
MNJBuu4	NNBBuu3	123
MNJBuu4	NSFBiya5	34
MNJBuu4	NUNMunken4	44
MNJBuu4	NVBAbar7	40
MNJBuu4	NVIAjumbu1	43
MNJBuu4	TELKoshin4	67
MNJBuu4	TNTMunken2	39
MNJBuu4	WCANgun1	36
MNJBuu4	ZKGKung1	28
MRYKoshin2	NACAbar2	17
MRYKoshin2	NCCMumfu4	28
MRYKoshin2	NCMMashi5	34
MRYKoshin2	NDNMissong5	18
MRYKoshin2	NEAMunken1	19
MRYKoshin2	NEMAjumbu9	32
MRYKoshin2	NFKBiya7	15
MRYKoshin2	NGTMunken3	17
MRYKoshin2	NINMundabli4	29
MRYKoshin2	NJNBiya6	15
MRYKoshin2	NJSKung4	26
MRYKoshin2	NMAAbar1	18
MRYKoshin2	NMNMundabli3	29
MRYKoshin2	NMSMissong4	18
MRYKoshin2	NNBBuu3	46
MRYKoshin2	NSFBiya5	14
MRYKoshin2	NUNMunken4	16
MRYKoshin2	NVBAbar7	20
MRYKoshin2	NVIAjumbu1	22
MRYKoshin2	TELKoshin4	73
MRYKoshin2	TNTMunken2	18
MRYKoshin2	WCANgun1	16
MRYKoshin2	ZKGKung1	23
NACAbar2	NCCMumfu4	14
NACAbar2	NCMMashi5	24
NACAbar2	NDNMissong5	80
NACAbar2	NEAMunken1	81
NACAbar2	NEMAjumbu9	25
NACAbar2	NFKBiya7	76
NACAbar2	NGTMunken3	81
NACAbar2	NINMundabli4	18
NACAbar2	NJNBiya6	80
NACAbar2	NJSKung4	25
NACAbar2	NMAAbar1	99
NACAbar2	NMNMundabli3	14
NACAbar2	NMSMissong4	74
NACAbar2	NNBBuu3	40
NACAbar2	NSFBiya5	81
NACAbar2	NUNMunken4	83
NACAbar2	NVBAbar7	106
NACAbar2	NVIAjumbu1	31
NACAbar2	TELKoshin4	27
NACAbar2	TNTMunken2	80
NACAbar2	WCANgun1	86
NACAbar2	ZKGKung1	21
NCCMumfu4	NCMMashi5	30
NCCMumfu4	NDNMissong5	20
NCCMumfu4	NEAMunken1	14
NCCMumfu4	NEMAjumbu9	30
NCCMumfu4	NFKBiya7	14
NCCMumfu4	NGTMunken3	15
NCCMumfu4	NINMundabli4	96
NCCMumfu4	NJNBiya6	17
NCCMumfu4	NJSKung4	20
NCCMumfu4	NMAAbar1	13
NCCMumfu4	NMNMundabli3	100
NCCMumfu4	NMSMissong4	19
NCCMumfu4	NNBBuu3	55
NCCMumfu4	NSFBiya5	16
NCCMumfu4	NUNMunken4	15
NCCMumfu4	NVBAbar7	12
NCCMumfu4	NVIAjumbu1	24
NCCMumfu4	TELKoshin4	44
NCCMumfu4	TNTMunken2	15
NCCMumfu4	WCANgun1	13
NCCMumfu4	ZKGKung1	14
NCMMashi5	NDNMissong5	29
NCMMashi5	NEAMunken1	24
NCMMashi5	NEMAjumbu9	29
NCMMashi5	NFKBiya7	26
NCMMashi5	NGTMunken3	24
NCMMashi5	NINMundabli4	31
NCMMashi5	NJNBiya6	25
NCMMashi5	NJSKung4	29
NCMMashi5	NMAAbar1	22
NCMMashi5	NMNMundabli3	28
NCMMashi5	NMSMissong4	28
NCMMashi5	NNBBuu3	41
NCMMashi5	NSFBiya5	24
NCMMashi5	NUNMunken4	24
NCMMashi5	NVBAbar7	25
NCMMashi5	NVIAjumbu1	25
NCMMashi5	TELKoshin4	44
NCMMashi5	TNTMunken2	22
NCMMashi5	WCANgun1	23
NCMMashi5	ZKGKung1	24
NDNMissong5	NEAMunken1	78
NDNMissong5	NEMAjumbu9	21
NDNMissong5	NFKBiya7	75
NDNMissong5	NGTMunken3	82
NDNMissong5	NINMundabli4	22
NDNMissong5	NJNBiya6	82
NDNMissong5	NJSKung4	29
NDNMissong5	NMAAbar1	70
NDNMissong5	NMNMundabli3	21
NDNMissong5	NMSMissong4	122
NDNMissong5	NNBBuu3	44
NDNMissong5	NSFBiya5	78
NDNMissong5	NUNMunken4	82
NDNMissong5	NVBAbar7	94
NDNMissong5	NVIAjumbu1	24
NDNMissong5	TELKoshin4	26
NDNMissong5	TNTMunken2	78
NDNMissong5	WCANgun1	86
NDNMissong5	ZKGKung1	18
NEAMunken1	NEMAjumbu9	27
NEAMunken1	NFKBiya7	83
NEAMunken1	NGTMunken3	97
NEAMunken1	NINMundabli4	17
NEAMunken1	NJNBiya6	89
NEAMunken1	NJSKung4	28
NEAMunken1	NMAAbar1	75
NEAMunken1	NMNMundabli3	15
NEAMunken1	NMSMissong4	74
NEAMunken1	NNBBuu3	45
NEAMunken1	NSFBiya5	87
NEAMunken1	NUNMunken4	98
NEAMunken1	NVBAbar7	86
NEAMunken1	NVIAjumbu1	32
NEAMunken1	TELKoshin4	29
NEAMunken1	TNTMunken2	104
NEAMunken1	WCANgun1	88
NEAMunken1	ZKGKung1	23
NEMAjumbu9	NFKBiya7	29
NEMAjumbu9	NGTMunken3	23
NEMAjumbu9	NINMundabli4	27
NEMAjumbu9	NJNBiya6	28
NEMAjumbu9	NJSKung4	35
NEMAjumbu9	NMAAbar1	23
NEMAjumbu9	NMNMundabli3	30
NEMAjumbu9	NMSMissong4	21
NEMAjumbu9	NNBBuu3	53
NEMAjumbu9	NSFBiya5	25
NEMAjumbu9	NUNMunken4	25
NEMAjumbu9	NVBAbar7	29
NEMAjumbu9	NVIAjumbu1	96
NEMAjumbu9	TELKoshin4	45
NEMAjumbu9	TNTMunken2	26
NEMAjumbu9	WCANgun1	24
NEMAjumbu9	ZKGKung1	26
NFKBiya7	NGTMunken3	92
NFKBiya7	NINMundabli4	17
NFKBiya7	NJNBiya6	110
NFKBiya7	NJSKung4	26
NFKBiya7	NMAAbar1	71
NFKBiya7	NMNMundabli3	17
NFKBiya7	NMSMissong4	76
NFKBiya7	NNBBuu3	38
NFKBiya7	NSFBiya5	104
NFKBiya7	NUNMunken4	91
NFKBiya7	NVBAbar7	87
NFKBiya7	NVIAjumbu1	30
NFKBiya7	TELKoshin4	22
NFKBiya7	TNTMunken2	88
NFKBiya7	WCANgun1	101
NFKBiya7	ZKGKung1	21
NGTMunken3	NINMundabli4	18
NGTMunken3	NJNBiya6	91
NGTMunken3	NJSKung4	29
NGTMunken3	NMAAbar1	79
NGTMunken3	NMNMundabli3	18
NGTMunken3	NMSMissong4	78
NGTMunken3	NNBBuu3	42
NGTMunken3	NSFBiya5	96
NGTMunken3	NUNMunken4	111
NGTMunken3	NVBAbar7	90
NGTMunken3	NVIAjumbu1	28
NGTMunken3	TELKoshin4	26
NGTMunken3	TNTMunken2	99
NGTMunken3	WCANgun1	97
NGTMunken3	ZKGKung1	24
NINMundabli4	NJNBiya6	17
NINMundabli4	NJSKung4	21
NINMundabli4	NMAAbar1	17
NINMundabli4	NMNMundabli3	113
NINMundabli4	NMSMissong4	21
NINMundabli4	NNBBuu3	51
NINMundabli4	NSFBiya5	20
NINMundabli4	NUNMunken4	16
NINMundabli4	NVBAbar7	16
NINMundabli4	NVIAjumbu1	28
NINMundabli4	TELKoshin4	46
NINMundabli4	TNTMunken2	18
NINMundabli4	WCANgun1	16
NINMundabli4	ZKGKung1	16
NJNBiya6	NJSKung4	28
NJNBiya6	NMAAbar1	76
NJNBiya6	NMNMundabli3	17
NJNBiya6	NMSMissong4	77
NJNBiya6	NNBBuu3	42
NJNBiya6	NSFBiya5	110
NJNBiya6	NUNMunken4	91
NJNBiya6	NVBAbar7	93
NJNBiya6	NVIAjumbu1	29
NJNBiya6	TELKoshin4	23
NJNBiya6	TNTMunken2	96
NJNBiya6	WCANgun1	105
NJNBiya6	ZKGKung1	23
NJSKung4	NMAAbar1	26
NJSKung4	NMNMundabli3	17
NJSKung4	NMSMissong4	29
NJSKung4	NNBBuu3	33
NJSKung4	NSFBiya5	27
NJSKung4	NUNMunken4	26
NJSKung4	NVBAbar7	30
NJSKung4	NVIAjumbu1	35
NJSKung4	TELKoshin4	32
NJSKung4	TNTMunken2	26
NJSKung4	WCANgun1	25
NJSKung4	ZKGKung1	80
NMAAbar1	NMNMundabli3	13
NMAAbar1	NMSMissong4	65
NMAAbar1	NNBBuu3	40
NMAAbar1	NSFBiya5	77
NMAAbar1	NUNMunken4	80
NMAAbar1	NVBAbar7	98
NMAAbar1	NVIAjumbu1	28
NMAAbar1	TELKoshin4	25
NMAAbar1	TNTMunken2	76
NMAAbar1	WCANgun1	79
NMAAbar1	ZKGKung1	21
NMNMundabli3	NMSMissong4	20
NMNMundabli3	NNBBuu3	55
NMNMundabli3	NSFBiya5	15
NMNMundabli3	NUNMunken4	15
NMNMundabli3	NVBAbar7	13
NMNMundabli3	NVIAjumbu1	26
NMNMundabli3	TELKoshin4	47
NMNMundabli3	TNTMunken2	14
NMNMundabli3	WCANgun1	15
NMNMundabli3	ZKGKung1	14
NMSMissong4	NNBBuu3	41
NMSMissong4	NSFBiya5	77
NMSMissong4	NUNMunken4	83
NMSMissong4	NVBAbar7	91
NMSMissong4	NVIAjumbu1	23
NMSMissong4	TELKoshin4	26
NMSMissong4	TNTMunken2	74
NMSMissong4	WCANgun1	84
NMSMissong4	ZKGKung1	18
NNBBuu3	NSFBiya5	37
NNBBuu3	NUNMunken4	42
NNBBuu3	NVBAbar7	44
NNBBuu3	NVIAjumbu1	44
NNBBuu3	TELKoshin4	68
NNBBuu3	TNTMunken2	42
NNBBuu3	WCANgun1	38
NNBBuu3	ZKGKung1	28
NSFBiya5	NUNMunken4	94
NSFBiya5	NVBAbar7	93
NSFBiya5	NVIAjumbu1	28
NSFBiya5	TELKoshin4	24
NSFBiya5	TNTMunken2	90
NSFBiya5	WCANgun1	105
NSFBiya5	ZKGKung1	22
NUNMunken4	NVBAbar7	94
NUNMunken4	NVIAjumbu1	28
NUNMunken4	TELKoshin4	26
NUNMunken4	TNTMunken2	104
NUNMunken4	WCANgun1	95
NUNMunken4	ZKGKung1	21
NVBAbar7	NVIAjumbu1	32
NVBAbar7	TELKoshin4	30
NVBAbar7	TNTMunken2	92
NVBAbar7	WCANgun1	98
NVBAbar7	ZKGKung1	21
NVIAjumbu1	TELKoshin4	32
NVIAjumbu1	TNTMunken2	29
NVIAjumbu1	WCANgun1	27
NVIAjumbu1	ZKGKung1	25
TELKoshin4	TNTMunken2	26
TELKoshin4	WCANgun1	23
TELKoshin4	ZKGKung1	27
TNTMunken2	WCANgun1	93
TNTMunken2	ZKGKung1	23
WCANgun1	ZKGKung1	19
